starting_year,rank,team,home_total_games,home_total_attendance,home_avg_attendance,home_capactiy,away_total_games,away_total_attendance,away_avg_attendance,away_capactiy
2015,1,Bulls,41,894659,21820,104.3,41,18156,94.5,82
2015,2,Cavaliers,41,843042,20562,100,41,18910,98.2,82
2015,3,Mavericks,41,825901,20143,104.9,41,17727,93.4,82
2015,4,Raptors,41,812863,19825,100.1,41,17162,89.2,82
2015,5,NY Knicks,41,812292,19812,100,41,18440,96,82
2015,6,Heat,41,809350,19740,100.7,41,18044,93.9,82
2015,7,Warriors,41,803436,19596,100,41,19134,100.5,82
2015,8,Trail Blazers,41,794085,19367,99.6,41,17703,93.3,82
2015,9,Jazz,41,791489,19304,97,41,17378,91.6,82
2015,10,Clippers,41,786910,19192,100.7,41,17792,93.6,82
2015,11,Lakers,41,778877,18997,99.7,41,19149,100.9,82
2015,12,Spurs,41,756445,18449,99.3,41,17938,94.4,82
2015,13,Celtics,41,749076,18270,98.1,41,17439,90.5,82
2015,14,Thunder,41,746323,18203,100,41,18258,95.6,82
2015,15,Rockets,41,737244,17981,99.7,41,17740,93.3,82
2015,16,Wizards,41,725426,17693,87.3,41,17787,92.4,82
2015,17,Magic,41,719275,17543,93.1,41,17175,89.2,82
2015,18,Hornets,41,716894,17485,91.7,41,17784,92.4,82
2015,19,Kings,41,707526,17256,99.7,41,17355,91,82
2015,20,Suns,41,701405,17107,92.9,41,16881,88.7,82
2015,21,Pacers,41,690733,16847,92.7,41,17851,92.3,82
2015,22,Hawks,41,690150,16832,89.9,41,17611,91,82
2015,23,Pelicans,41,688549,16793,97.7,41,17851,93.6,82
2015,24,Grizzlies,41,684603,16697,92.2,41,17589,92.1,82
2015,25,Pistons,41,677138,16515,74.8,41,17814,93,82
2015,26,Bucks,41,621808,15166,81,41,17623,91.4,82
2015,27,Nets,41,620142,15125,83.6,41,18106,93.6,82
2015,28,76ers,41,610121,14881,73.2,41,17491,90.7,82
2015,29,Timberwolves,41,581178,14175,73.2,41,17831,94,82
2015,30,Nuggets,41,577898,14095,73.6,41,17751,93.2,82
2014,1,Bulls,41,875091,21343,102,41,18404,95.7,82
2014,2,Cavaliers,41,843042,20562,100,41,18915,98.3,82
2014,3,Mavericks,41,827702,20187,105.1,41,17653,92.7,82
2014,4,NY Knicks,41,812292,19812,100,41,17462,90.7,82
2014,5,Raptors,41,809824,19751,99.8,41,17522,90.9,82
2014,6,Heat,41,808223,19712,100.6,41,17703,92,82
2014,7,Warriors,41,803436,19596,100,41,18312,96.2,82
2014,8,Trail Blazers,41,801733,19554,94,41,17657,92.9,82
2014,9,Clippers,41,785892,19168,100.6,41,18079,94.7,82
2014,10,Jazz,41,772059,18830,94.6,41,17135,90,82
2014,11,Lakers,41,768244,18737,98.3,41,17875,93.6,82
2014,12,Spurs,41,762855,18606,100.1,41,17972,94.1,82
2014,13,Wizards,41,747796,18238,89.9,41,18253,95,82
2014,14,Rockets,41,747412,18229,101,41,17969,94,82
2014,15,Thunder,41,746323,18203,100,41,17956,93.9,82
2014,16,Celtics,41,721350,17593,94.5,41,17741,91.9,82
2014,17,Hawks,41,713909,17412,93,41,17582,90.8,82
2014,18,Grizzlies,41,710502,17329,95.6,41,18017,94.4,82
2014,19,Hornets,41,704886,17192,90.1,41,17654,91.1,82
2014,20,Nets,41,698529,17037,94.1,41,18039,92.9,82
2014,21,Suns,41,693862,16923,91.9,41,17586,92.1,82
2014,22,Pacers,41,691434,16864,92.8,41,17892,92.4,82
2014,23,Magic,41,688194,16785,89.1,41,17585,91.2,82
2014,24,Pelicans,41,683757,16677,97,41,17640,92.1,82
2014,25,Kings,41,680049,16586,95.8,41,17515,91.7,82
2014,26,Pistons,41,625917,15266,69.2,41,17866,93,82
2014,27,Bucks,41,611226,14907,79.6,41,17180,88.8,82
2014,28,Nuggets,41,602707,14700,76.7,41,17437,91.5,82
2014,29,Timberwolves,41,595652,14528,75.1,41,18000,94.2,82
2014,30,76ers,41,571572,13940,68.6,41,17665,91.8,82
2013,1,Bulls,41,890370,21716,103.8,41,17551,91.1,82
2013,2,Mavericks,41,817982,19950,103.9,41,17268,90.8,82
2013,3,NY Knicks,41,812292,19812,100,41,17422,90.3,82
2013,4,Heat,41,811036,19781,100.9,41,19190,99.3,82
2013,5,Trail Blazers,41,809612,19746,95,41,17312,91.1,82
2013,6,Warriors,41,803436,19596,100,41,17526,92,82
2013,7,Clippers,41,787692,19212,100.8,41,17218,90.4,82
2013,8,Lakers,41,771974,18828,98.8,41,17845,93.6,82
2013,9,Spurs,41,755031,18415,99.1,41,17627,92.2,82
2013,10,Raptors,41,748339,18252,92.2,41,16702,86.8,82
2013,11,Thunder,41,746323,18203,100,41,18170,95.2,82
2013,12,Jazz,41,745203,18175,91.3,41,17295,90.6,82
2013,13,Rockets,41,743082,18123,100.4,41,17427,91.1,82
2013,14,Celtics,41,742400,18107,97.2,41,17484,90.5,82
2013,15,Pacers,41,717542,17501,96.3,41,17872,92.5,82
2013,16,Cavaliers,41,710522,17329,84.3,41,17388,90.4,82
2013,17,Nets,41,707331,17251,95.3,41,17528,90.6,82
2013,18,Wizards,41,698068,17026,84,41,17183,89.2,82
2013,19,Nuggets,41,692898,16899,88.2,41,17211,90.3,82
2013,20,Grizzlies,41,685458,16718,92.3,41,17269,90.5,82
2013,21,Pelicans,41,672029,16390,95.4,41,17397,90.8,82
2013,22,Kings,41,667949,16291,94.1,41,16859,88,82
2013,23,Magic,41,666046,16245,86.2,41,16583,86.1,82
2013,24,Suns,41,650739,15871,86.2,41,17250,90.3,82
2013,25,Hornets,41,636268,15518,81.3,41,17026,88,82
2013,26,Pistons,41,615238,15005,68,41,17280,90.1,82
2013,27,Timberwolves,41,597157,14564,75.2,41,17605,92.1,82
2013,28,Hawks,41,587927,14339,76.6,41,17274,89.5,82
2013,29,76ers,41,568632,13869,68.2,41,17441,90.5,82
2013,30,Bucks,41,552967,13487,72.1,41,17013,87.7,82
2012,1,Bulls,41,896944,21876,104.6,41,18144,94.4,82
2012,2,Mavericks,41,821490,20036,104.4,41,17613,92.5,82
2012,3,Heat,41,819290,19982,102,41,19090,99.1,82
2012,4,Trail Blazers,41,813012,19829,95.4,41,16727,88,82
2012,5,Warriors,41,794320,19373,98.9,41,17204,90.5,82
2012,6,Clippers,41,788293,19226,100.9,41,17806,93.4,82
2012,7,NY Knicks,41,780353,19033,96.3,41,18271,94.6,82
2012,8,Lakers,41,778877,18997,99.7,41,18866,99,82
2012,9,Jazz,41,765915,18680,93.8,41,16769,88.3,82
2012,10,Celtics,40,744960,18624,100,41,17768,91.8,81
2012,11,Spurs,41,755700,18431,99.2,41,17290,90.6,82
2012,12,Thunder,41,746323,18203,100,41,18335,95.7,82
2012,13,Raptors,41,743936,18144,91.6,41,16313,84.8,82
2012,14,Nuggets,41,730616,17819,93,41,17401,91.1,82
2012,15,Magic,41,721414,17595,93.4,41,16821,86.8,82
2012,16,Nets,41,704702,17187,94.9,41,17239,89.1,82
2012,17,76ers,41,685412,16717,82.2,41,17323,90.2,82
2012,18,Rockets,41,683564,16672,92.4,41,17982,94,82
2012,19,Grizzlies,41,681613,16624,91.8,41,17194,90,82
2012,20,Wizards,41,670070,16343,80.6,41,16193,84.1,82
2012,21,Timberwolves,41,669956,16340,84.4,41,17034,89.3,82
2012,22,Cavaliers,41,663882,16192,78.7,41,16780,87.3,82
2012,23,Suns,41,632913,15436,83.8,41,17152,89.7,82
2012,24,Hornets,41,628293,15324,80.3,41,16502,85.6,82
2012,25,Pacers,41,626069,15269,84.1,40,17061,87.9,81
2012,26,Hawks,41,620146,15125,80.8,41,17165,89,82
2012,27,Bucks,41,616469,15035,80.3,41,16919,87.5,82
2012,28,Pistons,41,606094,14782,67,41,16885,87.9,82
2012,29,Pelicans,41,565930,13803,80.3,41,17254,90.1,82
2012,30,Kings,41,563743,13749,79.4,41,17305,90.3,82
2011,1,Bulls,33,731326,22161,105.9,33,17989,93.5,66
2011,2,Trail Blazers,33,676384,20496,102.6,33,17164,90.7,66
2011,3,Mavericks,33,671050,20334,105.9,33,17712,93,66
2011,4,Heat,33,657855,19935,101.7,33,19399,99.7,66
2011,5,NY Knicks,33,652179,19763,100,33,18407,95.6,66
2011,6,Jazz,33,637124,19306,97,33,16929,89.8,66
2011,7,Clippers,33,634237,19219,100.8,33,18342,96.8,66
2011,8,Lakers,33,626901,18997,99.7,33,19034,100.1,66
2011,9,Magic,33,623587,18896,102.1,33,17161,88.6,66
2011,10,Warriors,33,622311,18857,96.2,33,16364,86.1,66
2011,11,Celtics,33,614592,18624,100,33,18288,94.3,66
2011,12,Spurs,33,607095,18396,99,33,16990,89.8,66
2011,13,Thunder,33,600699,18203,100,33,18031,95.4,66
2011,14,76ers,33,577597,17502,86.1,33,16764,86.8,66
2011,15,Timberwolves,33,577197,17490,90.4,33,16310,86.6,66
2011,16,Nuggets,33,561966,17029,88.9,33,17228,91.1,66
2011,17,Raptors,33,555584,16835,85,33,16732,86.3,66
2011,18,Wizards,33,552038,16728,82.9,33,16361,84.8,66
2011,19,Cavaliers,33,525577,15926,77.5,33,16723,86.5,66
2011,20,Grizzlies,33,518256,15704,86.7,33,17068,89.9,66
2011,21,Suns,33,514718,15597,84.7,33,17806,94.5,66
2011,22,Rockets,33,506994,15363,85.1,33,17733,93.2,66
2011,23,Hawks,33,501593,15199,81.2,33,16820,87.1,66
2011,24,Pelicans,33,498618,15109,88.4,33,16717,87.9,66
2011,25,Hornets,33,486984,14757,77.4,33,16534,85.5,66
2011,26,Bucks,33,485717,14718,78.6,33,16661,85.4,66
2011,27,Kings,33,478764,14508,83.8,33,16905,87.9,66
2011,28,Pistons,33,475638,14413,65.3,33,16342,85.3,66
2011,29,Pacers,33,467561,14168,78,33,16597,85.9,66
2011,30,Nets,33,460719,13961,75.5,33,17081,87.9,66
2010,1,Bulls,41,893462,21791,104.2,41,18431,96.1,82
2010,2,Trail Blazers,41,840924,20510,102.7,41,16333,86,82
2010,3,Cavaliers,41,824595,20112,97.8,41,16200,84.1,82
2010,4,Mavericks,41,824162,20101,104.7,41,16657,87.7,82
2010,5,Heat,41,810930,19778,100.9,41,19447,100.9,82
2010,6,NY Knicks,41,808879,19728,99.8,41,18044,93.9,82
2010,7,Jazz,41,799982,19511,98,41,17331,91.2,82
2010,8,Lakers,41,778877,18997,99.7,41,19087,100.2,82
2010,9,Magic,41,777852,18972,102.6,41,17428,90.5,82
2010,10,Warriors,41,766398,18692,95.4,41,17049,89.6,82
2010,11,Celtics,41,763584,18624,100,41,18964,98,82
2010,12,Spurs,41,750879,18314,98.6,41,17389,91.1,82
2010,13,Thunder,41,744068,18148,99.7,41,17774,93.4,82
2010,14,Clippers,41,727462,17742,93.1,41,17614,92.7,82
2010,15,Suns,41,720249,17567,95.4,41,17462,91.6,82
2010,16,Nuggets,41,692968,16901,88.2,41,17285,90.8,82
2010,17,Wizards,41,688466,16791,83.2,41,17192,89.2,82
2010,18,Pistons,41,683080,16660,75.5,41,16732,87.5,82
2010,19,Raptors,41,679208,16566,83.7,41,16855,91.9,82
2010,20,Rockets,41,663839,16191,89.7,41,16943,88.9,82
2010,21,Hornets,41,649694,15846,83.1,41,16473,85.5,82
2010,22,Hawks,41,641596,15648,83.6,41,16957,87.9,82
2010,23,Bucks,41,631910,15412,82.3,41,16911,87.4,82
2010,24,Timberwolves,41,624960,15242,78.8,41,16885,88.5,82
2010,25,76ers,41,604823,14751,72.6,41,17155,89.5,82
2010,26,Pelicans,41,603088,14709,86.1,41,17179,89.9,82
2010,27,Grizzlies,41,600687,14650,80.9,41,16441,86.4,82
2010,28,Nets,41,581378,14179,80.6,41,17098,88.4,82
2010,29,Kings,41,569496,13890,80.2,41,17400,91.2,82
2010,30,Pacers,41,555077,13538,74.5,41,16844,87,82
2009,1,Bulls,41,849760,20725,99.1,41,17735,92.2,82
2009,2,Cavaliers,41,843042,20562,100,41,19200,100.2,82
2009,3,Trail Blazers,41,840411,20497,102.6,41,16546,87.2,82
2009,4,Mavericks,41,819770,19994,104.1,41,17129,90.2,82
2009,5,NY Knicks,41,799550,19501,98.7,41,17315,90,82
2009,6,Jazz,41,794512,19378,97.3,41,17095,89.9,82
2009,7,Lakers,41,778877,18997,99.7,41,19265,101.2,82
2009,8,Pistons,41,768826,18751,84.9,41,17104,89.4,82
2009,9,Celtics,41,744961,18169,97.6,41,18154,93.9,82
2009,10,Spurs,41,741676,18089,97.4,41,17707,93.2,82
2009,11,Warriors,41,739120,18027,92,41,16443,86.7,82
2009,12,Thunder,41,738149,18003,98.9,41,16876,88.3,82
2009,13,Nuggets,41,737812,17995,93.9,41,17446,91.9,82
2009,14,Raptors,41,733784,17897,90.4,41,16466,85.9,82
2009,15,Heat,41,726935,17730,90.5,41,18040,93.8,82
2009,16,Suns,41,723582,17648,95.8,41,17376,91.4,82
2009,17,Magic,41,715901,17461,100,41,17838,92.2,82
2009,18,Hawks,41,678375,16545,88.3,41,17097,88.5,82
2009,19,Rockets,41,677658,16528,91.6,41,16616,87.3,82
2009,20,Clippers,41,670063,16343,85.7,41,16225,85.3,82
2009,21,Wizards,41,664398,16204,80.3,41,16487,86.1,82
2009,22,Hornets,41,648790,15824,82.9,41,16256,84.7,82
2009,23,Pelicans,41,620366,15130,88.5,41,17168,89.8,82
2009,24,Bucks,41,619453,15108,80.7,41,16823,87.2,82
2009,25,Timberwolves,41,619170,15101,78,41,16112,84.8,82
2009,26,76ers,41,583219,14224,70,41,16889,88,82
2009,27,Pacers,41,582295,14202,78.2,41,16955,87.9,82
2009,28,Grizzlies,41,552914,13485,74.4,41,16691,87.6,82
2009,29,Kings,41,543416,13254,76.5,41,16973,88.9,82
2009,30,Nets,41,537230,13103,69.1,41,16446,85.4,82
2008,1,Pistons,41,896971,21877,99.1,41,18024,93.6,82
2008,2,Bulls,40,847903,21197,97.6,41,17558,93.6,81
2008,3,Trail Blazers,41,841499,20524,102.7,40,17167,89.8,81
2008,4,Mavericks,41,821723,20042,104.4,41,17102,89.6,82
2008,5,Cavaliers,41,820439,20010,97.3,41,18899,97.9,82
2008,6,Jazz,41,816042,19903,100,41,17038,89.2,82
2008,7,NY Knicks,41,790801,19287,97.6,40,17729,91.7,81
2008,8,Lakers,41,778877,18997,99.7,40,19268,100.8,81
2008,9,Warriors,41,776660,18942,96.7,41,16942,88.8,82
2008,10,Raptors,41,769707,18773,94.8,41,16785,87.1,82
2008,11,Thunder,40,747732,18693,97.7,41,16679,87.2,81
2008,12,Celtics,41,763584,18624,100,41,18975,98.2,82
2008,13,Suns,41,755302,18422,100,41,18122,94.6,82
2008,14,Spurs,41,749048,18269,97.2,40,17626,92.3,81
2008,15,Heat,40,729178,18229,93,41,18150,93.7,81
2008,16,Rockets,40,699280,17482,96.9,41,17589,91.7,81
2008,17,Nuggets,41,706165,17223,89.9,41,17227,90.2,82
2008,18,Magic,41,698768,17043,97.6,40,17900,92,81
2008,19,Pelicans,41,695727,16968,98.7,40,17702,92.2,81
2008,20,Hawks,41,686688,16748,89.4,41,17303,89.6,82
2008,21,Wizards,41,681117,16612,82.4,41,17157,88.7,82
2008,22,Clippers,40,646830,16170,84.8,41,17202,89.9,81
2008,23,76ers,41,647898,15802,79.7,40,17358,89.5,81
2008,24,Bucks,41,630976,15389,82.2,41,16947,87.3,82
2008,25,Nets,41,621062,15147,75.8,41,17586,91,82
2008,26,Hornets,40,581049,14526,76.3,41,17310,89.5,81
2008,27,Timberwolves,41,594743,14505,74.9,40,16845,88.1,81
2008,28,Pacers,41,581472,14182,78.1,41,16628,85.7,82
2008,29,Grizzlies,40,509806,12745,70.3,41,17101,89.3,81
2008,30,Kings,40,502852,12571,72.6,41,17227,89.8,81
2007,1,Pistons,41,905116,22076,100,41,17714,111.5,82
2007,2,Bulls,41,901502,21987,101.3,41,17353,106,82
2007,3,Cavaliers,41,839074,20465,99.5,41,17992,112.9,82
2007,4,Mavericks,41,831738,20286,,41,17716,105.9,82
2007,5,Jazz,41,816211,19907,100,41,17215,112.9,82
2007,6,Warriors,41,804864,19630,100.2,41,17255,112.6,82
2007,7,Trail Blazers,41,801566,19550,97.8,41,16700,109.4,82
2007,8,Heat,41,798004,19463,99.3,41,17503,109.8,82
2007,9,Raptors,41,796835,19435,98.2,41,16653,103.6,82
2007,10,NY Knicks,41,783739,19115,99.1,41,17429,108.9,82
2007,11,Lakers,41,778877,18997,98.5,41,18671,118.5,82
2007,12,Celtics,41,763584,18624,100,41,19042,115.6,82
2007,13,Spurs,41,761149,18564,100.3,41,17954,113.9,82
2007,14,Suns,41,755302,18422,96.8,41,18046,114.7,82
2007,15,Wizards,41,736461,17962,,41,16774,99.2,82
2007,16,Rockets,41,718524,17524,94.7,41,17527,114.5,82
2007,17,Nuggets,41,711962,17364,,41,18115,111.1,82
2007,18,Magic,41,709346,17301,100.3,41,17540,108.4,82
2007,19,Clippers,41,692408,16888,,41,16628,102.6,82
2007,20,Hawks,41,667518,16280,,41,16853,99.5,82
2007,21,Nets,41,641921,15656,78.3,41,17610,107.3,82
2007,22,Bucks,41,639421,15595,83.3,41,16738,103.9,82
2007,23,76ers,41,609675,14870,72.7,41,17231,107.7,82
2007,24,Hornets,41,603403,14717,77.4,41,17294,107.9,82
2007,25,Timberwolves,41,593537,14476,76.2,41,16801,106.7,82
2007,26,Pelicans,41,581432,14181,82.4,41,16905,109.7,82
2007,27,Kings,41,580181,14150,81.7,41,17209,111.6,82
2007,28,Thunder,41,547556,13355,78.2,41,17158,108.2,82
2007,29,Grizzlies,41,523578,12770,69.4,41,16985,111,82
2007,30,Pacers,41,501092,12221,66.6,41,17217,103.9,82
2006,1,Bulls,41,912364,22252,102.5,41,18153,113.4,82
2006,2,Pistons,41,905116,22076,100,41,18001,109.6,82
2006,3,Cavaliers,41,837883,20436,99.4,41,18940,117.9,82
2006,4,Mavericks,41,834411,20351,,41,17821,106.6,82
2006,5,Heat,41,808541,19720,100.6,41,18945,118.4,82
2006,6,Jazz,41,802214,19566,98.3,41,17501,110.6,82
2006,7,Lakers,41,778415,18985,98.5,41,18917,123.4,82
2006,8,NY Knicks,41,771017,18805,97.5,41,17984,111.9,82
2006,9,Spurs,41,764823,18654,100.8,41,17464,110.3,82
2006,10,Suns,41,755302,18422,96.8,41,18541,120.1,82
2006,11,Clippers,41,755261,18421,,41,17406,103.5,82
2006,12,Wizards,41,753283,18372,,41,17270,101.5,82
2006,13,Raptors,41,748603,18258,92.2,41,17347,107.7,82
2006,14,Warriors,41,742267,18104,92.4,41,17012,107.4,82
2006,15,Pelicans,41,731165,17833,92.3,41,16981,110.6,82
2006,16,Kings,41,709997,17317,100,41,17282,112,82
2006,17,Nuggets,41,706437,17230,,41,18163,111.1,82
2006,18,Magic,41,700887,17094,99.1,41,17470,108.5,82
2006,19,Nets,41,693955,16925,84.7,41,17870,108,82
2006,20,Celtics,41,690576,16843,90.4,41,17570,109.2,82
2006,21,Rockets,41,678362,16545,89.4,41,18187,118,82
2006,22,Trail Blazers,41,670778,16360,81.9,41,17558,114.5,82
2006,23,Bucks,41,663629,16186,86.5,41,17350,107.8,82
2006,24,Timberwolves,41,655947,15998,84.2,41,17894,112.6,82
2006,25,Thunder,41,654163,15955,93.5,41,17445,112.5,82
2006,26,Hawks,41,639375,15594,,41,17170,100.7,82
2006,27,Hornets,41,637520,15549,81.7,41,17477,108.5,82
2006,28,Pacers,41,629750,15359,83.7,41,17802,107.2,82
2006,29,76ers,41,608603,14843,72.6,41,17849,108.5,82
2006,30,Grizzlies,41,600836,14654,79.6,41,17336,112,82
2005,1,Pistons,41,905116,22076,100,41,18637,123.9,82
2005,2,Bulls,41,868720,21188,97.6,41,17397,119.6,82
2005,3,Mavericks,41,824693,20114,,41,17591,118,82
2005,4,Heat,41,818149,19954,101.8,41,18991,129.5,82
2005,5,Cavaliers,41,792391,19326,94,41,18800,124.5,82
2005,6,NY Knicks,41,776176,18931,98.2,41,17572,120.2,82
2005,7,Lakers,41,774189,18882,97.9,41,18812,130.1,82
2005,8,Spurs,41,770677,18797,101.6,41,18376,130.3,82
2005,9,Jazz,41,751621,18332,92.1,41,17048,122.1,82
2005,10,Warriors,41,749185,18272,93.2,41,16775,112.7,82
2005,11,Pelicans,41,744920,18168,1443.6,41,16659,105.2,82
2005,12,Suns,41,730179,17809,93.6,41,17694,126.4,82
2005,13,Clippers,41,712409,17375,,41,16944,110.6,82
2005,14,Kings,41,709997,17317,100,41,17101,117.9,82
2005,15,Wizards,41,705062,17196,,41,17291,110.7,82
2005,16,Nuggets,41,702645,17137,,41,17637,115,82
2005,17,Raptors,41,699332,17056,86.1,41,16595,109.9,82
2005,18,Celtics,41,692873,16899,90.7,41,17920,117.9,82
2005,19,Nets,41,691543,16866,84.4,41,17710,120.3,82
2005,20,Bucks,41,681337,16617,88.8,41,17119,112.8,82
2005,21,76ers,41,677278,16518,80.8,41,18627,123.9,82
2005,22,Hornets,41,671011,16366,,41,17117,109.7,82
2005,23,Thunder,41,664157,16198,94.9,41,17195,118.3,82
2005,24,Pacers,41,663368,16179,88.2,41,17624,119.4,82
2005,25,Timberwolves,41,662167,16150,85,41,17421,120.2,82
2005,26,Grizzlies,41,647533,15793,85.8,41,17211,123.1,82
2005,27,Magic,41,638005,15561,90.2,41,17084,116.2,82
2005,28,Rockets,41,636110,15514,83.9,41,17554,125.5,82
2005,29,Hawks,41,617942,15071,,41,17067,109.5,82
2005,30,Trail Blazers,41,617019,15049,75.3,41,17144,118.9,82
2004,1,Pistons,41,905116,22076,100,41,17868,110.8,82
2004,2,Bulls,41,828384,20204,93.1,41,17334,107.2,82
2004,3,Mavericks,41,822533,20061,,41,17259,105.8,82
2004,4,Heat,41,815143,19881,101.4,41,18891,116.3,82
2004,5,NY Knicks,41,800144,19515,101.2,41,17540,104.7,82
2004,6,Cavaliers,41,784249,19128,93,41,18275,109.5,82
2004,7,Lakers,41,770494,18792,97.5,41,18810,121.8,82
2004,8,Jazz,41,769014,18756,94.2,41,16923,109.7,82
2004,9,Spurs,41,750970,18316,99,41,17419,113,82
2004,10,76ers,41,732686,17870,87.4,41,17933,111.6,82
2004,11,Suns,41,726066,17708,93.1,41,17570,114.1,82
2004,12,Nuggets,41,723949,17657,,41,17506,101.4,82
2004,13,Kings,41,709997,17317,100,41,17702,110.9,82
2004,14,Wizards,41,705069,17196,,41,16862,98.5,82
2004,15,Timberwolves,41,704438,17181,90.4,41,17874,116,82
2004,16,Raptors,41,703388,17155,86.6,41,16677,100.1,82
2004,17,Pacers,41,696764,16994,92.6,41,16895,104.3,82
2004,18,Clippers,41,696181,16980,,41,16735,99.3,82
2004,19,Grizzlies,41,691362,16862,91.6,41,16621,107.4,82
2004,20,Trail Blazers,41,680374,16594,83.1,41,16658,108.4,82
2004,21,Thunder,41,675490,16475,96.5,41,17029,109.5,82
2004,22,Warriors,41,670368,16350,83.4,41,16708,108.7,82
2004,23,Rockets,41,663444,16181,87.5,41,18183,111.1,82
2004,24,Celtics,41,656081,16001,85.9,41,17216,105.1,82
2004,25,Bucks,41,637009,15536,83,41,16651,99.4,82
2004,26,Nets,41,618681,15089,75.5,41,16624,102.9,82
2004,27,Magic,41,597942,14583,84.6,41,17510,106.9,82
2004,28,Hornets,41,591701,14431,60.6,41,16717,104.7,82
2004,29,Hawks,41,586390,14302,,41,16730,97.2,82
2004,30,Pelicans,41,583070,14221,82.7,41,16690,107.6,82
2003,1,Pistons,41,872902,21290,96.4,41,17127,107.8,82
2003,2,Mavericks,41,825594,20136,,41,17452,113.6,82
2003,3,Bulls,41,809177,19736,90.9,41,16517,106.9,82
2003,4,76ers,41,788128,19222,94,41,17672,114,82
2003,5,NY Knicks,41,785739,19164,99.4,41,17589,109.8,82
2003,6,Jazz,41,785330,19154,96.2,41,16537,114.9,82
2003,7,Lakers,41,777757,18969,98.4,41,19380,134.4,82
2003,8,Raptors,41,750608,18307,92.5,41,16480,105.8,82
2003,9,Cavaliers,41,749790,18287,88.9,41,18755,121.2,82
2003,10,Spurs,41,739706,18041,97.5,41,17347,119.9,82
2003,11,Timberwolves,41,723071,17635,92.8,41,17862,123.7,82
2003,12,Nuggets,41,721476,17596,,41,17184,111.8,82
2003,13,Kings,41,709997,17317,100,41,17813,122.7,82
2003,14,Bucks,41,690180,16833,89.9,41,16213,104.1,82
2003,15,Trail Blazers,41,684038,16683,83.5,41,16282,113.1,82
2003,16,Pacers,41,678326,16544,90.2,41,17710,113.6,82
2003,17,Suns,41,670385,16350,86,41,16461,114,82
2003,18,Warriors,41,665648,16235,82.9,41,15885,110.2,82
2003,19,Clippers,41,665396,16229,,41,16258,108.8,82
2003,20,Celtics,41,664248,16201,87,41,16955,109.3,82
2003,21,Wizards,41,645363,15740,,41,16008,96.9,82
2003,22,Rockets,41,640794,15629,84.5,41,17768,122.9,82
2003,23,Thunder,41,625474,15255,91.6,41,16842,115.9,82
2003,24,Heat,41,624809,15239,77.8,41,16524,106.5,82
2003,25,Grizzlies,41,622723,15188,,41,16695,108.7,82
2003,26,Nets,41,613051,14952,74.8,41,17358,111.9,82
2003,27,Magic,41,589144,14369,83.3,41,16793,107.5,82
2003,28,Pelicans,41,587613,14332,83.3,41,16679,106.6,82
2003,29,Hawks,41,565728,13798,,41,16282,98.9,82
2002,1,Pistons,41,839278,20470,92.7,41,16053,107.4,82
2002,2,Wizards,41,827092,20172,,41,19311,120.3,82
2002,3,Mavericks,41,816429,19912,,41,17618,121.8,82
2002,4,76ers,41,807097,19685,96.3,41,18408,122,82
2002,5,Bulls,41,804303,19617,90.4,41,16268,108.6,82
2002,6,Trail Blazers,41,796250,19420,97.2,41,16458,122,82
2002,7,Jazz,41,786034,19171,96.3,41,16585,122.9,82
2002,8,NY Knicks,41,779479,19011,98.6,41,17104,113.5,82
2002,9,Lakers,41,777888,18972,98.4,41,19107,141.3,82
2002,10,Raptors,41,777507,18963,95.8,41,16509,109.7,82
2002,11,Spurs,41,735970,17950,97,41,16559,122.1,82
2002,12,Kings,41,709997,17317,100,41,17924,131.6,82
2002,13,Celtics,41,709049,17293,92.9,41,17263,111.1,82
2002,14,Clippers,41,706471,17231,,41,16276,112.5,82
2002,15,Pacers,41,670461,16352,89.1,41,16856,110.9,82
2002,16,Suns,41,666559,16257,85.5,41,16318,120.6,82
2002,17,Bucks,41,665966,16243,86.8,41,16327,107.8,82
2002,18,Timberwolves,41,643684,15699,82.6,41,16657,123.1,82
2002,19,Pelicans,41,641683,15650,91,41,16481,105.2,82
2002,20,Thunder,41,637194,15541,91,41,16243,119.2,82
2002,21,Warriors,41,634935,15486,79,41,16297,120.7,82
2002,22,Heat,41,628242,15322,78.2,41,15844,105.5,82
2002,23,Nets,41,622574,15184,76,41,16956,112.4,82
2002,24,Grizzlies,41,611322,14910,,41,16277,112.5,82
2002,25,Nuggets,41,607813,14824,,41,16299,112.7,82
2002,26,Magic,41,605901,14778,85.7,41,17305,114.4,82
2002,27,Rockets,41,565166,13784,,41,17919,123.9,82
2002,28,Hawks,41,528655,12894,,41,16294,101.3,82
2002,29,Cavaliers,41,471374,11496,55.9,41,16087,107.1,82
2001,1,Spurs,41,906390,22107,,41,17248,125.7,82
2001,2,Wizards,41,847634,20674,,41,19939,121.7,82
2001,3,76ers,41,842976,20560,100.6,41,18720,130.5,82
2001,4,Raptors,41,811135,19783,99.9,41,17200,111.6,82
2001,5,NY Knicks,41,810283,19763,102.5,41,17082,114.2,82
2001,6,Mavericks,41,802783,19580,,41,17049,124.3,82
2001,7,Trail Blazers,41,797821,19459,97.4,41,16483,129.3,82
2001,8,Lakers,41,778877,18997,98.5,41,20102,157.3,82
2001,9,Bulls,41,776311,18934,87.2,41,16000,107.9,82
2001,10,Jazz,41,766108,18685,93.8,41,16667,130.7,82
2001,11,Pistons,41,760807,18556,84.1,41,16417,110.7,82
2001,12,Bucks,41,745305,18178,97.1,41,17043,113.3,82
2001,13,Clippers,41,740185,18053,,41,16569,120.8,82
2001,14,Timberwolves,41,731673,17845,93.9,41,16961,132.6,82
2001,15,Kings,41,709997,17317,100,41,17701,137.5,82
2001,16,Pacers,41,686537,16744,91.3,41,16677,111.1,82
2001,17,Suns,41,668939,16315,85.8,41,16765,131,82
2001,18,Celtics,41,659751,16091,86.4,41,17576,117,82
2001,19,Heat,41,655549,15989,81.6,41,16702,112.5,82
2001,20,Nuggets,41,633846,15459,,41,16396,119.5,82
2001,21,Thunder,41,633516,15451,90.5,41,16013,124.2,82
2001,22,Magic,41,621121,15149,87.8,41,17345,115.6,82
2001,23,Cavaliers,41,596115,14539,70.7,41,15809,102.8,82
2001,24,Warriors,41,593182,14467,73.8,41,16202,126.9,82
2001,25,Grizzlies,41,591030,14415,,41,15841,115.5,82
2001,26,Nets,41,564194,13760,68.8,41,16403,109.7,82
2001,27,Hawks,41,506110,12344,,41,16315,102.7,82
2001,28,Rockets,41,481227,11737,,41,16551,120.6,82
2001,29,Pelicans,41,462738,11286,47.4,41,16457,111.5,82
2000,1,Spurs,41,913175,22272,,41,16690,,82
2000,2,Bulls,41,888654,21674,,41,16336,,82
2000,3,Trail Blazers,41,831385,20277,,41,17037,,82
2000,4,NY Knicks,41,810283,19763,,41,17680,,82
2000,5,76ers,41,805692,19651,,41,18582,,82
2000,6,Raptors,41,793256,19347,,41,17611,,82
2000,7,Jazz,41,792196,19321,,41,16989,,82
2000,8,Lakers,41,776336,18935,,41,19628,,82
2000,9,Suns,41,737586,17989,,41,17157,,82
2000,10,Pacers,41,733444,17888,,41,16508,,82
2000,11,Timberwolves,41,717371,17496,,41,16787,,82
2000,12,Kings,41,709997,17317,,41,18438,,82
2000,13,Bucks,41,683125,16661,,41,16584,,82
2000,14,Mavericks,41,680138,16588,,41,15761,,82
2000,15,Heat,41,677186,16516,,41,17046,,82
2000,16,Cavaliers,41,650775,15872,,41,16064,,82
2000,17,Thunder,41,640847,15630,,41,16497,,82
2000,18,Wizards,41,638653,15576,,41,15872,,82
2000,19,Celtics,41,629201,15346,,41,16436,,82
2000,20,Nuggets,41,619300,15104,,41,16403,,82
2000,21,Pelicans,41,615424,15010,,41,16500,,82
2000,22,Pistons,41,607323,14812,,41,16397,,82
2000,23,Magic,41,605031,14756,,41,16810,,82
2000,24,Clippers,41,599448,14620,,41,15823,,82
2000,25,Warriors,41,591981,14438,,41,16058,,82
2000,26,Nets,41,566077,13806,,41,16085,,82
2000,27,Grizzlies,41,563218,13737,,41,15822,,82
2000,28,Hawks,41,560324,13666,,41,16403,,82
2000,29,Rockets,41,518555,12647,,41,16714,,82
