"PLAYER_ID","PLAYER_NAME","TEAM_ID","TEAM_ABBREVIATION","AGE","GP","W","L","W_PCT","MIN","FGM","FGA","FG_PCT","FG3M","FG3A","FG3_PCT","FTM","FTA","FT_PCT","OREB","DREB","REB","AST","TOV","STL","BLK","BLKA","PF","PFD","PTS","PLUS_MINUS","NBA_FANTASY_PTS","DD2","TD3","GP_RANK","W_RANK","L_RANK","W_PCT_RANK","MIN_RANK","FGM_RANK","FGA_RANK","FG_PCT_RANK","FG3M_RANK","FG3A_RANK","FG3_PCT_RANK","FTM_RANK","FTA_RANK","FT_PCT_RANK","OREB_RANK","DREB_RANK","REB_RANK","AST_RANK","TOV_RANK","STL_RANK","BLK_RANK","BLKA_RANK","PF_RANK","PFD_RANK","PTS_RANK","PLUS_MINUS_RANK","NBA_FANTASY_PTS_RANK","DD2_RANK","TD3_RANK","CFID","CFPARAMS"
1627846,"Abdel Nader",1610612760,"OKC",26.0,1,0,1,0.000000,11.933333333333334,1,4,0.25,0,2,0.0,0,0,0.0,0,1,1,0,1,0,0,0,1,0,2,-11,2.2,0,0,197,231,127,231,295,272,271,272,209,202,209,216,230,216,207,275,288,267,187,201,145,1,49,277,300,290,326,41,4,5,"1627846,1610612760"
1629678,"Admiral Schofield",1610612764,"WAS",22.0,2,1,1,0.500000,26.471666666666668,2,5,0.4,1,4,0.25,2,2,1.0,2,3,5,1,0,0,0,0,1,1,7,-4,14.5,0,0,1,40,127,127,216,232,256,190,135,151,159,130,154,1,82,197,176,204,270,201,145,1,49,220,231,221,257,41,4,5,"1629678,1610612764"
201143,"Al Horford",1610612755,"PHI",33.0,1,1,0,1.000000,31.183333333333334,5,13,0.385,1,6,0.167,5,6,0.833,1,1,2,3,1,1,0,0,5,4,16,6,24.9,0,0,197,40,1,1,184,146,136,204,135,103,189,58,70,103,125,275,256,113,187,103,145,1,229,101,137,98,185,41,4,5,"201143,1610612755"
202329,"Al-Farouq Aminu",1610612753,"ORL",29.0,1,1,0,1.000000,29.1,1,5,0.2,1,2,0.5,2,4,0.5,2,5,7,0,1,1,0,0,2,2,5,14,15.4,0,0,197,40,1,1,195,272,256,287,135,202,46,130,100,175,82,131,125,267,187,103,145,1,93,166,258,38,254,41,4,5,"202329,1610612753"
1627936,"Alex Caruso",1610612747,"LAL",25.0,1,1,0,1.000000,20.45,1,3,0.333,0,0,0.0,0,0,0.0,0,0,0,0,2,1,0,0,1,1,2,-2,3.0,0,0,197,40,1,1,250,272,287,222,209,285,209,216,230,216,207,313,320,267,130,103,145,1,49,220,300,192,322,41,4,5,"1627936,1610612747"
203458,"Alex Len",1610612737,"ATL",26.0,1,1,0,1.000000,23.885,1,5,0.2,0,2,0.0,2,2,1.0,2,4,6,1,1,2,1,1,2,2,4,1,20.7,0,0,197,40,1,1,234,272,256,287,209,202,209,130,154,1,82,168,153,204,187,46,62,199,93,166,269,152,214,41,4,5,"203458,1610612737"
1629019,"Allonzo Trier",1610612752,"NYK",23.0,2,0,2,0.000000,30.266666666666666,6,10,0.6,3,5,0.6,7,11,0.636,0,3,3,2,5,1,1,1,5,6,22,-9,29.6,0,0,1,231,297,231,188,120,181,49,54,128,35,43,28,163,207,197,230,152,40,103,62,199,229,67,82,280,158,41,4,5,"1629019,1610612752"
203083,"Andre Drummond",1610612765,"DET",26.0,2,1,1,0.500000,77.55,20,30,0.667,0,1,0.0,13,16,0.813,8,27,35,4,6,7,5,5,8,11,53,-11,131.0,2,0,1,40,127,127,3,7,28,32,209,244,209,8,7,110,1,1,1,90,26,2,3,345,315,17,8,290,2,1,4,5,"203083,1610612765"
203952,"Andrew Wiggins",1610612750,"MIN",24.0,2,2,0,1.000000,68.875,16,40,0.4,0,7,0.0,5,7,0.714,7,5,12,2,2,1,1,6,5,7,37,-7,58.4,0,0,1,1,1,1,26,16,7,190,209,84,209,58,59,141,4,131,51,152,130,103,62,347,229,52,35,264,44,41,4,5,"203952,1610612750"
1629014,"Anfernee Simons",1610612757,"POR",20.0,2,1,1,0.500000,33.415,8,16,0.5,3,8,0.375,1,2,0.5,0,2,2,0,4,3,0,0,3,4,20,-8,27.4,0,0,1,40,127,127,170,78,94,98,54,60,120,182,154,175,207,241,256,267,55,25,145,1,149,101,98,271,172,41,4,5,"1629014,1610612757"
203076,"Anthony Davis",1610612747,"LAL",26.0,2,1,1,0.500000,69.686666666666667,15,38,0.395,0,4,0.0,16,21,0.762,3,13,16,7,6,3,7,1,7,16,46,8,99.7,0,0,1,40,127,127,22,22,14,202,209,151,209,3,1,119,48,20,21,43,26,25,1,199,292,1,17,78,8,41,4,5,"203076,1610612747"
201229,"Anthony Tolliver",1610612757,"POR",34.0,2,1,1,0.500000,24.301666666666666,0,4,0.0,0,4,0.0,0,0,0.0,0,2,2,1,1,0,0,0,2,0,0,-15,2.9,0,0,1,40,127,127,227,307,271,307,209,151,209,216,230,216,207,241,256,204,187,201,145,1,93,277,317,314,324,41,4,5,"201229,1610612757"
203382,"Aron Baynes",1610612756,"PHX",32.0,2,1,1,0.500000,39.153333333333336,8,13,0.615,2,4,0.5,2,2,1.0,4,5,9,4,3,1,0,2,10,3,20,10,36.8,0,0,1,40,127,127,133,78,136,48,88,151,46,130,154,1,26,131,86,90,88,103,145,288,346,127,98,59,120,41,4,5,"203382,1610612756"
203085,"Austin Rivers",1610612745,"HOU",27.0,1,0,1,0.000000,12.116666666666667,0,3,0.0,0,3,0.0,3,4,0.75,0,2,2,0,0,0,0,0,2,2,3,-3,5.4,0,0,197,231,127,231,293,307,287,307,209,179,209,96,100,120,207,241,256,267,270,201,145,1,93,166,282,199,306,41,4,5,"203085,1610612745"
202340,"Avery Bradley",1610612747,"LAL",28.0,2,1,1,0.500000,49.866666666666667,6,15,0.4,3,9,0.333,2,2,1.0,0,8,8,0,2,2,1,0,6,1,17,-3,33.6,0,0,1,40,127,127,97,120,106,190,54,47,128,130,154,1,207,69,104,267,130,46,62,1,273,220,126,199,134,41,4,5,"202340,1610612747"
1628389,"Bam Adebayo",1610612748,"MIA",22.0,1,1,0,1.000000,24.05,3,7,0.429,0,0,0.0,8,10,0.8,4,7,11,3,5,1,0,1,3,7,14,10,29.7,1,0,197,40,1,1,230,203,224,168,209,285,209,34,37,111,26,92,63,113,40,103,145,199,149,52,150,59,157,7,4,5,"1628389,1610612748"
203463,"Ben McLemore",1610612745,"HOU",26.0,1,0,1,0.000000,14.733333333333333,2,5,0.4,2,5,0.4,0,0,0.0,0,0,0,1,0,0,0,0,0,2,6,-5,7.5,0,0,197,231,127,231,283,232,256,190,88,128,107,216,230,216,207,313,320,204,270,201,145,1,1,166,245,239,290,41,4,5,"203463,1610612745"
1627732,"Ben Simmons",1610612755,"PHI",23.0,1,1,0,1.000000,34.983333333333334,11,16,0.688,0,0,0.0,2,5,0.4,2,6,8,9,4,0,0,1,4,4,24,15,43.1,0,0,197,40,1,1,161,47,94,30,209,285,209,130,86,207,82,118,104,29,55,201,145,199,191,101,67,33,93,41,4,5,"1627732,1610612755"
202687,"Bismack Biyombo",1610612766,"CHA",27.0,1,0,1,0.000000,17.631666666666668,3,4,0.75,0,0,0.0,2,6,0.333,1,3,4,2,1,0,1,1,4,3,8,-5,17.8,0,0,197,231,127,231,265,203,271,18,209,285,209,130,70,209,125,197,204,152,187,201,62,199,191,127,217,239,236,41,4,5,"202687,1610612766"
1626171,"Bobby Portis",1610612752,"NYK",24.0,2,0,2,0.000000,43.02,5,12,0.417,0,3,0.0,0,1,0.0,2,7,9,5,3,3,0,0,5,4,10,-5,34.3,0,0,1,231,297,231,118,146,147,183,209,179,209,216,211,216,82,92,86,66,88,25,145,1,229,101,191,239,131,41,4,5,"1626171,1610612752"
203992,"Bogdan Bogdanovic",1610612758,"SAC",27.0,2,0,2,0.000000,50.766666666666666,6,21,0.286,4,9,0.444,2,3,0.667,0,3,3,5,3,3,0,2,5,6,18,-40,35.1,0,0,1,231,297,231,92,120,56,255,38,47,91,130,132,148,207,197,230,66,88,25,145,288,229,67,117,349,126,41,4,5,"203992,1610612758"
202711,"Bojan Bogdanovic",1610612762,"UTA",30.0,1,1,0,1.000000,23.905,6,14,0.429,1,5,0.2,3,3,1.0,0,3,3,0,0,1,0,0,2,3,16,2,22.6,0,0,197,40,1,1,233,120,124,168,135,128,178,96,132,1,207,197,230,267,270,103,145,1,93,127,137,139,201,41,4,5,"202711,1610612762"
202954,"Brad Wanamaker",1610612738,"BOS",30.0,2,1,1,0.500000,15.146666666666667,1,5,0.2,0,1,0.0,2,2,1.0,1,2,3,1,1,1,1,0,2,1,4,0,14.1,0,0,1,40,127,127,281,272,256,287,209,244,209,130,154,1,125,241,230,204,187,103,62,1,93,220,269,160,263,41,4,5,"202954,1610612738"
203078,"Bradley Beal",1610612764,"WAS",26.0,2,1,1,0.500000,66.305,14,47,0.298,4,22,0.182,4,7,0.571,0,12,12,12,5,4,1,0,7,15,36,4,78.4,0,0,1,40,127,127,32,31,3,253,38,2,186,77,59,172,207,24,51,15,40,15,62,1,292,5,40,115,24,41,4,5,"203078,1610612764"
1629634,"Brandon Clarke",1610612763,"MEM",23.0,2,0,2,0.000000,48.333333333333336,10,15,0.667,1,2,0.5,1,1,1.0,3,9,12,2,0,1,4,1,4,2,22,-7,54.4,0,0,1,231,297,231,102,55,106,32,135,202,46,182,211,1,48,52,51,152,270,103,9,199,191,166,82,264,58,41,4,5,"1629634,1610612763"
1627742,"Brandon Ingram",1610612740,"NOP",22.0,2,0,2,0.000000,66.516666666666666,18,39,0.462,6,12,0.5,5,5,1.0,2,11,13,8,5,1,5,1,7,7,47,-30,87.6,0,0,1,231,297,231,30,12,13,147,17,21,46,58,86,1,82,33,40,37,40,103,3,199,292,52,14,342,13,41,4,5,"1627742,1610612740"
201572,"Brook Lopez",1610612749,"MIL",31.0,1,1,0,1.000000,26.875,4,9,0.444,1,3,0.333,2,2,1.0,0,2,2,3,0,0,5,1,2,2,11,5,32.9,0,0,197,40,1,1,211,169,195,155,135,179,128,130,154,1,207,241,256,113,270,201,3,199,93,166,179,109,137,41,4,5,"201572,1610612749"
1628971,"Bruce Brown",1610612765,"DET",23.0,2,1,1,0.500000,46.223333333333336,4,9,0.444,0,1,0.0,1,2,0.5,1,5,6,4,4,0,0,0,8,1,9,-9,18.2,0,0,1,40,127,127,112,169,195,155,209,244,209,182,154,175,125,131,153,90,55,201,145,1,315,220,205,280,230,41,4,5,"1628971,1610612765"
203998,"Bruno Caboclo",1610612763,"MEM",24.0,1,0,1,0.000000,4.7333333333333334,1,4,0.25,0,1,0.0,0,0,0.0,1,2,3,0,1,0,1,1,0,0,2,-3,7.6,0,0,197,231,127,231,316,272,271,272,209,244,209,216,230,216,125,241,230,267,187,201,62,199,1,277,300,199,289,41,4,5,"203998,1610612763"
1628981,"Bruno Fernando",1610612737,"ATL",21.0,1,1,0,1.000000,14.431666666666667,3,6,0.5,1,1,1.0,0,0,0.0,1,2,3,2,0,0,0,2,2,1,7,7,13.6,0,0,197,40,1,1,287,203,235,98,135,244,1,216,230,216,125,241,230,152,270,201,145,288,93,220,231,87,269,41,4,5,"1628981,1610612737"
1627854,"Bryn Forbes",1610612759,"SAS",26.0,1,1,0,1.000000,32.516666666666666,7,12,0.583,3,6,0.5,3,3,1.0,0,5,5,1,0,0,0,0,2,2,20,4,27.5,0,0,197,40,1,1,178,101,147,62,54,103,46,96,132,1,207,131,176,204,270,201,145,1,93,166,98,115,171,41,4,5,"1627854,1610612759"
1627741,"Buddy Hield",1610612758,"SAC",26.0,2,0,2,0.000000,62.81666666666667,17,37,0.459,10,23,0.435,5,5,1.0,3,7,10,3,8,0,0,4,5,4,49,-23,57.5,0,0,1,231,297,231,41,13,17,149,3,1,95,58,86,1,48,92,76,113,9,201,145,336,229,101,13,338,48,41,4,5,"1627741,1610612758"
203468,"CJ McCollum",1610612757,"POR",28.0,2,1,1,0.500000,69.573333333333338,13,36,0.361,3,8,0.375,2,2,1.0,2,3,5,6,7,2,0,4,5,5,31,-5,45.0,0,0,1,40,127,127,23,35,19,216,54,60,120,130,154,1,82,197,176,54,15,46,145,336,229,85,49,239,83,41,4,5,"203468,1610612757"
1628997,"Caleb Martin",1610612766,"CHA",24.0,1,0,1,0.000000,17.65,2,8,0.25,0,2,0.0,0,1,0.0,0,2,2,3,1,1,2,0,2,1,4,-6,18.9,0,0,197,231,127,231,264,232,212,272,209,202,209,216,211,216,207,241,256,113,187,103,30,1,93,220,269,250,226,41,4,5,"1628997,1610612766"
1628403,"Caleb Swanigan",1610612758,"SAC",22.0,2,0,2,0.000000,4.55,0,0,0.0,0,0,0.0,1,2,0.5,1,1,2,0,1,1,1,0,1,1,1,7,8.4,0,0,1,231,297,231,319,307,332,307,209,285,209,182,154,175,125,275,256,267,187,103,62,1,49,220,313,87,286,41,4,5,"1628403,1610612758"
1629629,"Cameron Reddish",1610612737,"ATL",20.0,1,1,0,1.000000,21.45,0,6,0.0,0,5,0.0,1,2,0.5,1,6,7,1,0,1,0,0,1,3,1,11,13.9,0,0,197,40,1,1,248,307,235,307,209,128,209,182,154,175,125,118,125,204,270,103,145,1,49,127,313,55,265,41,4,5,"1629629,1610612737"
1627747,"Caris LeVert",1610612751,"BKN",25.0,2,1,1,0.500000,61.533333333333331,13,26,0.5,2,8,0.25,4,8,0.5,0,7,7,8,11,5,0,1,8,6,32,15,56.4,0,0,1,40,127,127,47,35,38,98,88,60,159,77,51,175,207,92,125,37,1,7,145,199,315,67,48,33,54,41,4,5,"1627747,1610612751"
1629035,"Carsen Edwards",1610612738,"BOS",21.0,1,0,1,0.000000,11.416666666666666,1,5,0.2,1,3,0.333,0,0,0.0,1,0,1,0,0,0,0,0,0,0,3,-1,4.2,0,0,197,231,127,231,297,272,256,287,135,179,128,216,230,216,125,313,288,267,270,201,145,1,1,277,282,176,315,41,4,5,"1629035,1610612738"
1626224,"Cedi Osman",1610612739,"CLE",24.0,1,0,1,0.000000,28.983333333333334,5,9,0.556,3,6,0.5,0,0,0.0,0,3,3,2,2,2,0,1,1,1,13,6,23.6,0,0,197,231,127,231,198,146,195,68,54,103,46,216,230,216,207,197,230,152,130,46,145,199,49,220,159,98,192,41,4,5,"1626224,1610612739"
1627767,"Cheick Diallo",1610612756,"PHX",23.0,2,1,1,0.500000,4.1833333333333336,0,0,0.0,0,0,0.0,2,2,1.0,0,0,0,0,1,0,0,0,2,1,2,2,1.0,0,0,1,40,127,127,323,307,332,307,209,285,209,130,154,1,207,313,320,267,187,201,145,1,93,220,300,139,336,41,4,5,"1627767,1610612756"
1629185,"Chris Chiozza",1610612764,"WAS",23.0,2,1,1,0.500000,34.701666666666668,2,9,0.222,2,4,0.5,0,0,0.0,0,4,4,7,3,2,2,2,6,2,6,2,30.3,0,0,1,40,127,127,162,232,195,284,88,151,46,216,230,216,207,168,204,43,88,46,30,288,273,166,245,139,153,41,4,5,"1629185,1610612764"
101108,"Chris Paul",1610612760,"OKC",34.0,2,0,2,0.000000,60.15,10,24,0.417,4,9,0.444,4,7,0.571,1,9,10,7,6,1,0,0,5,8,28,-3,47.5,0,0,1,231,297,231,54,55,47,183,38,47,91,77,59,172,125,52,76,43,26,103,145,1,229,42,54,199,75,41,4,5,"101108,1610612760"
1629735,"Chris Silva",1610612748,"MIA",23.0,1,1,0,1.000000,11.398333333333333,3,3,1.0,0,0,0.0,2,2,1.0,3,3,6,0,2,0,3,0,5,1,8,18,22.2,0,0,197,40,1,1,298,203,287,1,209,285,209,130,154,1,48,197,153,267,130,201,14,1,229,220,217,21,204,41,4,5,"1629735,1610612748"
1626174,"Christian Wood",1610612765,"DET",24.0,1,1,0,1.000000,3.8333333333333335,0,0,0.0,0,0,0.0,0,0,0.0,0,0,0,0,1,0,0,0,0,1,0,-1,-1.0,0,0,197,40,1,1,330,307,332,307,209,285,209,216,230,216,207,313,320,267,187,201,145,1,1,220,317,176,349,41,4,5,"1626174,1610612765"
203991,"Clint Capela",1610612745,"HOU",25.0,1,0,1,0.000000,30.9,5,10,0.5,0,0,0.0,3,6,0.5,0,12,12,0,0,1,3,4,4,3,13,2,39.4,1,0,197,231,127,231,185,146,181,98,209,285,209,96,70,175,207,24,51,267,270,103,14,336,191,127,159,139,108,7,4,5,"203991,1610612745"
1629632,"Coby White",1610612741,"CHI",19.0,2,1,1,0.500000,57.466666666666669,16,29,0.552,5,12,0.417,5,7,0.714,0,9,9,9,1,0,0,0,3,5,42,21,65.3,0,0,1,40,127,127,65,16,29,72,23,21,103,58,59,141,207,52,86,29,187,201,145,1,149,85,25,18,33,41,4,5,"1629632,1610612741"
1628998,"Cody Martin",1610612766,"CHA",24.0,1,0,1,0.000000,17.358333333333334,1,4,0.25,0,2,0.0,2,2,1.0,0,4,4,1,0,2,0,0,1,2,4,-3,16.3,0,0,197,231,127,231,266,272,271,272,209,202,209,130,154,1,207,168,204,204,270,46,145,1,49,166,269,199,245,41,4,5,"1628998,1610612766"
203469,"Cody Zeller",1610612766,"CHA",27.0,1,1,0,1.000000,35.095,6,11,0.545,0,2,0.0,3,4,0.75,4,8,12,1,1,0,0,0,4,5,15,3,29.9,1,0,197,40,1,1,159,120,164,74,209,202,209,96,100,120,26,69,51,204,187,201,145,1,191,85,143,124,156,7,4,5,"203469,1610612766"
1629012,"Collin Sexton",1610612739,"CLE",20.0,1,0,1,0.000000,29.9,5,15,0.333,3,8,0.375,3,4,0.75,1,1,2,2,3,0,0,3,1,3,16,-4,18.4,0,0,197,231,127,231,191,146,106,222,54,60,120,96,100,120,125,275,256,152,88,201,145,327,49,127,137,221,229,41,4,5,"1629012,1610612739"
202709,"Cory Joseph",1610612758,"SAC",28.0,2,0,2,0.000000,35.35,4,9,0.444,1,3,0.333,6,6,1.0,2,3,5,6,3,1,1,0,5,7,15,-11,33.0,0,0,1,231,297,231,155,169,195,155,135,179,128,50,70,1,82,197,176,54,88,103,62,1,229,52,143,290,135,41,4,5,"202709,1610612758"
201584,"Courtney Lee",1610612742,"DAL",34.0,2,2,0,1.000000,21.783333333333335,3,7,0.429,0,3,0.0,0,0,0.0,0,1,1,0,0,0,0,0,2,0,6,-13,7.2,0,0,1,1,1,1,245,203,224,168,209,179,209,216,230,216,207,275,288,267,270,201,145,1,93,277,245,304,291,41,4,5,"201584,1610612742"
1626156,"D'Angelo Russell",1610612744,"GSW",23.0,1,0,1,0.000000,33.255,6,16,0.375,4,8,0.5,4,4,1.0,0,0,0,8,1,0,0,1,2,4,20,-35,31.0,0,0,197,231,127,231,173,120,94,207,38,60,46,77,100,1,207,313,320,37,187,201,145,199,93,101,98,347,149,41,4,5,"1626156,1610612744"
201571,"D.J. Augustin",1610612753,"ORL",31.0,1,1,0,1.000000,24.566666666666666,4,9,0.444,1,2,0.5,0,0,0.0,0,3,3,5,0,0,0,1,0,0,9,6,20.1,0,0,197,40,1,1,226,169,195,155,135,202,46,216,230,216,207,197,230,66,270,201,145,199,1,277,205,98,219,41,4,5,"201571,1610612753"
203081,"Damian Lillard",1610612757,"POR",29.0,2,1,1,0.500000,71.85,22,41,0.537,6,17,0.353,17,18,0.944,1,8,9,13,6,4,0,0,7,9,67,23,103.3,0,0,1,40,127,127,16,3,5,83,17,9,127,1,3,84,125,69,86,11,26,15,145,1,292,27,3,12,5,41,4,5,"203081,1610612757"
1627814,"Damion Lee",1610612744,"GSW",27.0,1,0,1,0.000000,4.3216666666666663,0,0,0.0,0,0,0.0,3,3,1.0,0,1,1,1,0,0,0,0,0,2,3,3,5.7,0,0,197,231,127,231,321,307,332,307,209,285,209,96,132,1,207,275,288,204,270,201,145,1,1,166,282,124,305,41,4,5,"1627814,1610612744"
1628464,"Daniel Theis",1610612738,"BOS",27.0,2,1,1,0.500000,24.85,0,8,0.0,0,2,0.0,4,6,0.667,4,3,7,1,0,0,3,2,4,6,4,-4,22.9,0,0,1,40,127,127,225,307,212,307,209,202,209,77,70,148,26,197,125,204,270,201,14,288,191,67,269,221,197,41,4,5,"1628464,1610612738"
201568,"Danilo Gallinari",1610612760,"OKC",31.0,2,0,2,0.000000,58.06,13,23,0.565,4,8,0.5,9,9,1.0,0,12,12,4,2,2,0,1,3,11,39,7,63.4,0,0,1,231,297,231,61,35,50,67,38,60,46,26,46,1,207,24,51,90,130,46,145,199,149,17,31,87,37,41,4,5,"201568,1610612760"
201980,"Danny Green",1610612747,"LAL",32.0,2,1,1,0.500000,60.655,13,22,0.591,9,14,0.643,2,3,0.667,3,8,11,1,1,5,2,0,7,6,37,14,71.7,0,0,1,40,127,127,52,35,53,59,4,16,26,130,132,148,48,69,63,204,187,7,30,1,292,67,35,38,29,41,4,5,"201980,1610612747"
1627863,"Danuel House Jr.",1610612745,"HOU",26.0,1,0,1,0.000000,26.058333333333334,2,6,0.333,2,4,0.5,2,2,1.0,0,2,2,3,1,1,1,0,2,1,8,10,19.9,0,0,197,231,127,231,217,232,235,222,88,151,46,130,154,1,207,241,256,113,187,103,62,1,93,220,217,59,222,41,4,5,"1627863,1610612745"
203967,"Dario Saric",1610612756,"PHX",25.0,2,1,1,0.500000,52.708333333333336,5,18,0.278,1,7,0.143,2,2,1.0,2,10,12,2,1,1,1,2,3,1,13,6,35.4,0,0,1,40,127,127,85,146,76,262,135,84,196,130,154,1,82,38,51,152,187,103,62,288,149,220,159,98,125,41,4,5,"203967,1610612756"
1629647,"Darius Bazley",1610612760,"OKC",19.0,2,0,2,0.000000,34.31666666666667,2,6,0.333,0,1,0.0,1,2,0.5,0,5,5,0,1,1,1,1,2,2,5,-14,16.0,0,0,1,231,297,231,165,232,235,222,209,244,209,182,154,175,207,131,176,267,187,103,62,199,93,166,258,311,248,41,4,5,"1629647,1610612760"
1629636,"Darius Garland",1610612739,"CLE",19.0,1,0,1,0.000000,31.533333333333335,3,9,0.333,2,4,0.5,0,0,0.0,1,1,2,5,3,1,0,0,0,1,8,-7,17.9,0,0,197,231,127,231,181,203,195,222,88,151,46,216,230,216,125,275,256,66,88,103,145,1,1,220,217,264,235,41,4,5,"1629636,1610612739"
1629133,"Daryl Macon",1610612748,"MIA",23.0,1,1,0,1.000000,1.1666666666666667,0,0,0.0,0,0,0.0,0,0,0.0,0,0,0,0,0,0,0,0,0,0,0,-4,0.0,0,0,197,40,1,1,342,307,332,307,209,285,209,216,230,216,207,313,320,267,270,201,145,1,1,277,317,221,340,41,4,5,"1629133,1610612748"
1628021,"David Nwaba",1610612751,"BKN",26.0,2,1,1,0.500000,27.203333333333333,2,2,1.0,1,1,1.0,1,4,0.25,0,5,5,1,1,0,1,0,2,2,6,-8,15.5,0,0,1,40,127,127,210,232,301,1,135,244,1,182,100,213,207,131,176,204,187,201,62,1,93,166,245,271,253,41,4,5,"1628021,1610612751"
202722,"Davis Bertans",1610612764,"WAS",26.0,2,1,1,0.500000,56.25333333333333,7,20,0.35,5,15,0.333,1,1,1.0,0,7,7,2,3,2,0,0,8,2,20,-1,34.4,0,0,1,40,127,127,72,101,65,219,23,12,128,182,211,1,207,92,125,152,88,46,145,1,315,166,98,176,130,41,4,5,"202722,1610612764"
1628368,"De'Aaron Fox",1610612758,"SAC",21.0,2,0,2,0.000000,60.666666666666664,10,25,0.4,3,6,0.5,13,18,0.722,0,7,7,10,8,0,0,0,8,14,36,-33,51.4,0,0,1,231,297,231,51,55,41,190,54,103,46,8,3,140,207,92,125,24,9,201,145,1,315,7,40,344,63,41,4,5,"1628368,1610612758"
1629631,"De'Andre Hunter",1610612737,"ATL",21.0,1,1,0,1.000000,25.45,5,8,0.625,2,3,0.667,2,2,1.0,0,2,2,0,2,0,0,0,0,1,14,12,14.4,0,0,197,40,1,1,221,146,212,45,88,179,21,130,154,1,207,241,256,267,130,201,145,1,1,220,150,46,258,41,4,5,"1629631,1610612737"
1629001,"De'Anthony Melton",1610612763,"MEM",21.0,1,0,1,0.000000,2.75,0,0,0.0,0,0,0.0,0,2,0.0,0,0,0,2,0,1,0,0,0,1,0,-2,6.0,0,0,197,231,127,231,334,307,332,307,209,285,209,216,154,216,207,313,320,152,270,103,145,1,1,220,317,192,301,41,4,5,"1629001,1610612763"
201599,"DeAndre Jordan",1610612751,"BKN",31.0,2,1,1,0.500000,39.383333333333333,3,6,0.5,0,0,0.0,3,6,0.5,5,9,14,2,4,1,0,1,8,8,9,-5,27.8,0,0,1,40,127,127,131,203,235,98,209,285,209,96,70,175,14,52,29,152,55,103,145,199,315,42,205,239,167,41,4,5,"201599,1610612751"
1627761,"DeAndre' Bembry",1610612737,"ATL",25.0,1,1,0,1.000000,23.516666666666666,4,5,0.8,0,1,0.0,0,0,0.0,1,1,2,3,0,2,0,0,1,0,8,11,20.9,0,0,197,40,1,1,236,169,256,17,209,244,209,216,230,216,125,275,256,113,270,46,145,1,49,277,217,55,211,41,4,5,"1627761,1610612737"
201942,"DeMar DeRozan",1610612759,"SAS",30.0,1,1,0,1.000000,31.633333333333333,3,10,0.3,0,1,0.0,7,11,0.636,0,4,4,4,4,0,1,0,3,9,13,2,22.8,0,0,197,40,1,1,180,203,181,250,209,244,209,43,28,163,207,168,204,90,55,201,62,1,149,27,159,139,200,41,4,5,"201942,1610612759"
1629028,"Deandre Ayton",1610612756,"PHX",21.0,1,1,0,1.000000,33.405,9,14,0.643,0,0,0.0,0,0,0.0,3,8,11,0,0,1,4,0,2,1,18,25,46.2,1,0,197,40,1,1,171,65,124,39,209,285,209,216,230,216,48,69,63,267,270,103,9,1,93,220,117,8,81,7,4,5,"1629028,1610612756"
1627749,"Dejounte Murray",1610612759,"SAS",23.0,1,1,0,1.000000,23.783333333333335,7,10,0.7,1,1,1.0,3,3,1.0,0,8,8,6,4,3,0,0,1,4,18,9,41.6,0,0,197,40,1,1,235,101,181,28,135,244,1,96,132,1,207,69,104,54,55,25,145,1,49,101,117,68,99,41,4,5,"1627749,1610612759"
1626153,"Delon Wright",1610612742,"DAL",27.0,2,2,0,1.000000,53.4,9,14,0.643,1,2,0.5,6,6,1.0,2,9,11,6,0,6,0,2,4,4,25,12,65.2,0,0,1,1,1,1,81,65,124,39,135,202,46,50,70,1,82,52,63,54,270,5,145,288,191,101,62,46,34,41,4,5,"1626153,1610612742"
203471,"Dennis Schroder",1610612760,"OKC",26.0,2,0,2,0.000000,55.81666666666667,5,22,0.227,1,6,0.167,1,2,0.5,1,9,10,7,4,1,1,1,4,5,12,-16,36.5,0,0,1,231,297,231,74,146,53,283,135,103,189,182,154,175,125,52,76,43,55,103,62,199,191,85,171,318,121,41,4,5,"203471,1610612760"
1628372,"Dennis Smith Jr.",1610612752,"NYK",21.0,2,0,2,0.000000,14.85,1,8,0.125,0,2,0.0,1,2,0.5,0,0,0,2,0,0,1,1,3,2,3,-11,9.0,0,0,1,231,297,231,282,272,212,304,209,202,209,182,154,175,207,313,320,152,270,201,62,199,149,166,282,290,283,41,4,5,"1628372,1610612752"
1629126,"Deonte Burton",1610612760,"OKC",25.0,1,0,1,0.000000,3.9816666666666665,0,1,0.0,0,1,0.0,0,0,0.0,0,1,1,0,0,0,0,0,0,0,0,-6,1.2,0,0,197,231,127,231,329,307,316,307,209,244,209,216,230,216,207,275,288,267,270,201,145,1,1,277,317,250,331,41,4,5,"1629126,1610612760"
202324,"Derrick Favors",1610612740,"NOP",28.0,2,0,2,0.000000,42.34,11,16,0.688,0,0,0.0,0,0,0.0,4,10,14,4,3,0,1,1,7,0,22,-14,44.8,0,0,1,231,297,231,121,47,94,30,209,285,209,216,230,216,26,38,29,90,88,201,62,199,292,277,82,311,85,41,4,5,"202324,1610612740"
1627884,"Derrick Jones Jr.",1610612748,"MIA",22.0,1,1,0,1.000000,15.893333333333333,2,3,0.667,0,0,0.0,0,0,0.0,1,0,1,0,1,0,0,0,5,1,4,4,4.2,0,0,197,40,1,1,278,232,287,32,209,285,209,216,230,216,125,313,288,267,187,201,145,1,229,220,269,115,315,41,4,5,"1627884,1610612748"
201565,"Derrick Rose",1610612765,"DET",31.0,2,1,1,0.500000,51.85,17,27,0.63,0,1,0.0,11,12,0.917,1,3,4,12,7,0,0,1,2,7,45,-3,60.8,0,0,1,40,127,127,90,13,34,44,209,244,209,16,22,89,125,197,204,15,15,201,145,199,93,52,19,199,39,41,4,5,"201565,1610612765"
1628401,"Derrick White",1610612759,"SAS",25.0,1,1,0,1.000000,22.166666666666668,3,6,0.5,0,0,0.0,3,5,0.6,1,1,2,3,2,0,0,0,2,3,9,2,13.9,0,0,197,40,1,1,243,203,235,98,209,285,209,96,86,168,125,275,256,113,130,201,145,1,93,127,205,139,265,41,4,5,"1628401,1610612759"
1626164,"Devin Booker",1610612756,"PHX",22.0,2,1,1,0.500000,73.7,16,38,0.421,3,12,0.25,5,7,0.714,0,7,7,17,6,1,1,3,10,9,40,25,73.9,1,0,1,40,127,127,9,16,14,180,54,21,159,58,59,141,207,92,125,3,26,103,62,327,346,27,28,8,27,7,4,5,"1626164,1610612756"
1628984,"Devonte' Graham",1610612766,"CHA",24.0,2,1,1,0.500000,55.25,15,24,0.625,12,16,0.75,5,7,0.714,1,5,6,12,4,0,0,2,6,10,47,-12,68.2,0,0,1,40,127,127,75,22,47,45,1,11,18,58,59,141,125,131,153,15,55,201,145,288,273,21,14,297,31,41,4,5,"1628984,1610612766"
203473,"Dewayne Dedmon",1610612758,"SAC",30.0,2,0,2,0.000000,35.116666666666667,4,12,0.333,0,5,0.0,1,1,1.0,4,10,14,1,6,1,1,2,8,1,9,-16,27.3,0,0,1,231,297,231,158,169,147,222,209,128,209,182,211,1,26,38,29,204,26,103,62,288,315,220,205,318,174,41,4,5,"203473,1610612758"
1628415,"Dillon Brooks",1610612763,"MEM",23.0,2,0,2,0.000000,47.833333333333336,5,19,0.263,3,6,0.5,0,0,0.0,0,8,8,2,5,3,2,2,11,0,13,-16,35.6,0,0,1,231,297,231,108,146,70,270,54,103,46,216,230,216,207,69,104,152,40,25,30,288,349,277,159,318,124,41,4,5,"1628415,1610612763"
1627734,"Domantas Sabonis",1610612754,"IND",23.0,1,0,1,0.000000,35.688333333333333,11,15,0.733,0,1,0.0,5,5,1.0,5,8,13,2,2,0,0,1,5,5,27,3,43.6,1,0,197,231,127,231,153,47,106,24,209,244,209,58,86,1,14,69,40,152,130,201,145,199,229,85,56,124,90,7,4,5,"1627734,1610612754"
1628378,"Donovan Mitchell",1610612762,"UTA",23.0,2,1,1,0.500000,70.36666666666666,21,37,0.568,1,5,0.2,13,14,0.929,5,12,17,6,2,4,1,2,6,11,56,6,98.4,1,0,1,40,127,127,20,6,17,66,135,128,178,8,12,87,14,24,17,54,130,15,62,288,273,17,6,98,9,7,4,5,"1628378,1610612762"
1627827,"Dorian Finney-Smith",1610612742,"DAL",26.0,2,2,0,1.000000,53.85,4,12,0.333,1,7,0.143,8,12,0.667,5,9,14,3,1,1,1,2,1,6,17,23,43.3,0,0,1,1,1,1,78,169,147,222,135,84,196,34,22,148,14,52,29,113,187,103,62,288,49,67,126,12,91,41,4,5,"1627827,1610612742"
203926,"Doug McDermott",1610612754,"IND",27.0,1,0,1,0.000000,11.001666666666667,2,4,0.5,2,3,0.667,0,0,0.0,0,0,0,1,1,0,0,0,0,0,6,-4,6.5,0,0,197,231,127,231,301,232,271,98,88,179,21,216,230,216,207,313,320,204,187,201,145,1,1,277,245,221,297,41,4,5,"203926,1610612754"
203110,"Draymond Green",1610612744,"GSW",29.0,1,0,1,0.000000,28.416666666666668,3,6,0.5,1,2,0.5,4,4,1.0,0,4,4,3,0,1,0,0,3,4,11,-35,23.3,0,0,197,231,127,231,202,203,235,98,135,202,46,77,100,1,207,168,204,113,270,103,145,1,149,101,179,347,195,41,4,5,"203110,1610612744"
1629130,"Duncan Robinson",1610612748,"MIA",25.0,1,1,0,1.000000,22.933333333333334,1,5,0.2,1,5,0.2,0,0,0.0,0,1,1,1,1,0,0,0,2,2,3,-3,4.7,0,0,197,40,1,1,240,272,256,287,135,128,178,216,230,216,207,275,288,204,187,201,145,1,93,166,282,199,310,41,4,5,"1629130,1610612748"
1628407,"Dwayne Bacon",1610612766,"CHA",24.0,2,1,1,0.500000,54.0,12,32,0.375,2,9,0.222,4,9,0.444,1,8,9,5,3,2,0,3,5,8,30,-7,51.3,0,0,1,40,127,127,77,43,26,207,88,47,174,77,46,206,125,69,86,66,88,46,145,327,229,42,51,264,64,41,4,5,"1628407,1610612766"
2730,"Dwight Howard",1610612747,"LAL",33.0,2,1,1,0.500000,38.195,2,6,0.333,0,0,0.0,1,3,0.333,6,7,13,3,2,2,3,2,9,7,5,12,38.1,0,0,1,40,127,127,137,232,235,222,209,285,209,182,132,209,10,92,40,113,130,46,14,288,338,52,258,46,116,41,4,5,"2730,1610612747"
202734,"E'Twaun Moore",1610612740,"NOP",30.0,1,0,1,0.000000,12.1,2,7,0.286,1,3,0.333,0,0,0.0,1,2,3,2,0,0,0,0,0,0,5,-1,11.6,0,0,197,231,127,231,294,232,224,255,135,179,128,216,230,216,125,241,230,152,270,201,145,1,1,277,258,176,278,41,4,5,"202734,1610612740"
202334,"Ed Davis",1610612762,"UTA",30.0,2,1,1,0.500000,20.216666666666665,1,5,0.2,0,0,0.0,2,2,1.0,5,5,10,0,2,1,2,1,7,3,4,-23,23.0,0,0,1,40,127,127,252,272,256,287,209,285,209,130,154,1,14,131,76,267,130,103,30,199,292,127,269,338,196,41,4,5,"202334,1610612762"
1628410,"Edmond Sumner",1610612754,"IND",23.0,1,0,1,0.000000,21.876666666666665,3,6,0.5,0,0,0.0,0,0,0.0,1,0,1,2,1,3,0,0,4,0,6,-23,18.2,0,0,197,231,127,231,244,203,235,98,209,285,209,216,230,216,125,313,288,152,187,25,145,1,191,277,245,338,230,41,4,5,"1628410,1610612754"
203901,"Elfrid Payton",1610612752,"NYK",25.0,2,0,2,0.000000,50.166666666666664,8,19,0.421,3,5,0.6,2,2,1.0,2,4,6,10,2,5,0,0,6,1,21,7,56.2,0,0,1,231,297,231,95,78,70,180,54,128,35,130,154,1,82,168,153,24,130,7,145,1,273,220,90,87,55,41,4,5,"203901,1610612752"
1629059,"Elie Okobo",1610612756,"PHX",22.0,1,1,0,1.000000,1.9833333333333334,1,1,1.0,1,1,1.0,0,0,0.0,0,0,0,0,0,0,0,0,0,0,3,-1,3.0,0,0,197,40,1,1,340,272,316,1,135,244,1,216,230,216,207,313,320,267,270,201,145,1,1,277,282,176,322,41,4,5,"1629059,1610612756"
1626144,"Emmanuel Mudiay",1610612762,"UTA",23.0,2,1,1,0.500000,38.511666666666663,11,21,0.524,2,6,0.333,0,0,0.0,0,4,4,7,4,1,1,2,4,1,24,9,41.3,0,0,1,40,127,127,135,47,56,92,88,103,128,216,230,216,207,168,204,43,55,103,62,288,191,220,67,68,100,41,4,5,"1626144,1610612762"
202683,"Enes Kanter",1610612738,"BOS",27.0,1,0,1,0.000000,24.966666666666665,5,8,0.625,0,1,0.0,2,7,0.286,3,3,6,2,0,0,0,2,3,5,12,-12,22.2,0,0,197,231,127,231,224,146,212,45,209,244,209,130,59,211,48,197,153,152,270,201,145,288,149,85,171,297,204,41,4,5,"202683,1610612738"
202339,"Eric Bledsoe",1610612749,"MIL",29.0,1,1,0,1.000000,16.093333333333334,4,12,0.333,2,4,0.5,1,1,1.0,0,1,1,2,1,0,0,1,3,1,11,-6,14.2,0,0,197,40,1,1,277,169,147,222,88,151,46,182,211,1,207,275,288,152,187,201,145,199,149,220,179,250,262,41,4,5,"202339,1610612749"
201569,"Eric Gordon",1610612745,"HOU",30.0,1,0,1,0.000000,27.616666666666667,4,19,0.211,3,12,0.25,0,1,0.0,0,1,1,0,1,0,0,3,1,1,11,-22,11.2,0,0,197,231,127,231,207,169,70,286,54,21,159,216,211,216,207,275,288,267,187,201,145,327,49,220,179,336,279,41,4,5,"201569,1610612745"
1629672,"Eric Paschall",1610612744,"GSW",22.0,1,0,1,0.000000,31.461666666666666,6,13,0.462,0,1,0.0,2,3,0.667,2,2,4,3,1,2,0,1,1,2,14,5,28.3,0,0,197,231,127,231,182,120,136,147,209,244,209,130,132,148,82,241,204,113,187,46,145,199,49,166,150,109,163,41,4,5,"1629672,1610612744"
101141,"Ersan Ilyasova",1610612749,"MIL",32.0,1,1,0,1.000000,20.066666666666666,6,8,0.75,1,2,0.5,0,1,0.0,4,7,11,0,2,0,1,0,5,3,13,2,27.2,1,0,197,40,1,1,253,120,212,18,135,202,46,216,211,216,26,92,63,267,130,201,62,1,229,127,159,139,175,7,4,5,"101141,1610612749"
203095,"Evan Fournier",1610612753,"ORL",26.0,1,1,0,1.000000,28.1,7,13,0.538,2,4,0.5,0,2,0.0,1,2,3,4,3,1,1,0,3,2,16,-10,28.6,0,0,197,40,1,1,205,101,136,80,88,151,46,216,154,216,125,241,230,90,88,103,62,1,149,166,137,287,162,41,4,5,"203095,1610612753"
202323,"Evan Turner",1610612737,"ATL",30.0,1,1,0,1.000000,16.8,4,4,1.0,0,0,0.0,1,1,1.0,0,0,0,4,0,1,0,0,0,1,9,7,18.0,0,0,197,40,1,1,270,169,271,1,209,285,209,182,211,1,207,313,320,90,270,103,145,1,1,220,205,87,233,41,4,5,"202323,1610612737"
1628402,"Frank Jackson",1610612740,"NOP",21.0,2,0,2,0.000000,28.648333333333333,7,15,0.467,3,6,0.5,2,2,1.0,0,0,0,3,1,0,0,2,4,3,19,14,22.5,0,0,1,231,297,231,201,101,106,142,54,103,46,130,154,1,207,313,320,113,187,201,145,288,191,127,106,38,203,41,4,5,"1628402,1610612740"
1626163,"Frank Kaminsky",1610612756,"PHX",26.0,2,1,1,0.500000,52.045,8,19,0.421,0,6,0.0,12,12,1.0,3,12,15,3,2,0,0,2,4,8,28,7,48.5,1,0,1,40,127,127,89,78,70,180,209,103,209,12,22,1,48,24,25,113,130,201,145,288,191,42,54,87,72,7,4,5,"1626163,1610612756"
1628373,"Frank Ntilikina",1610612752,"NYK",21.0,1,0,1,0.000000,2.9,0,1,0.0,0,0,0.0,0,0,0.0,0,0,0,0,2,1,0,1,1,0,0,-6,1.0,0,0,197,231,127,231,333,307,316,307,209,285,209,216,230,216,207,313,320,267,130,103,145,199,49,277,317,250,336,41,4,5,"1628373,1610612752"
1627832,"Fred VanVleet",1610612761,"TOR",25.0,2,1,1,0.500000,86.118333333333339,14,29,0.483,7,12,0.583,7,8,0.875,1,9,10,13,6,3,1,4,4,10,42,10,79.5,0,0,1,40,127,127,1,31,29,135,10,21,39,43,51,96,125,52,76,11,26,25,62,336,191,21,25,59,21,41,4,5,"1627832,1610612761"
1627788,"Furkan Korkmaz",1610612755,"PHI",22.0,1,1,0,1.000000,19.033333333333335,1,2,0.5,1,1,1.0,0,0,0.0,0,4,4,0,0,0,0,0,1,1,3,3,7.8,0,0,197,40,1,1,258,272,301,98,135,244,1,216,230,216,207,168,204,267,270,201,145,1,49,220,282,124,288,41,4,5,"1627788,1610612755"
202066,"Garrett Temple",1610612751,"BKN",33.0,2,1,1,0.500000,35.855,4,10,0.4,2,5,0.4,0,0,0.0,1,1,2,1,3,4,0,0,2,0,10,-16,22.9,0,0,1,40,127,127,148,169,181,190,88,128,107,216,230,216,125,275,256,204,88,15,145,1,93,277,191,318,197,41,4,5,"202066,1610612751"
1629726,"Garrison Mathews",1610612764,"WAS",23.0,2,1,1,0.500000,13.685,0,2,0.0,0,2,0.0,0,0,0.0,0,1,1,2,1,0,0,1,3,2,0,8,3.2,0,0,1,40,127,127,291,307,301,307,209,202,209,216,230,216,207,275,288,152,187,201,145,199,149,166,317,78,319,41,4,5,"1629726,1610612764"
203914,"Gary Harris",1610612743,"DEN",25.0,2,2,0,1.000000,69.36666666666666,7,20,0.35,2,7,0.286,5,6,0.833,0,5,5,0,6,4,0,2,8,7,21,12,33.0,0,0,1,1,1,1,25,101,65,219,88,84,154,58,70,103,207,131,176,267,26,15,145,288,315,52,90,46,135,41,4,5,"203914,1610612743"
1629018,"Gary Trent Jr.",1610612757,"POR",20.0,1,1,0,1.000000,2.05,0,0,0.0,0,0,0.0,0,0,0.0,0,0,0,0,0,0,0,0,0,0,0,-6,0.0,0,0,197,40,1,1,338,307,332,307,209,285,209,216,230,216,207,313,320,267,270,201,145,1,1,277,317,250,340,41,4,5,"1629018,1610612757"
201588,"George Hill",1610612749,"MIL",33.0,1,1,0,1.000000,30.783333333333335,3,7,0.429,2,4,0.5,0,0,0.0,0,0,0,7,0,2,0,0,2,2,8,16,24.5,0,0,197,40,1,1,186,203,224,168,88,151,46,216,230,216,207,313,320,43,270,46,145,1,93,166,217,29,186,41,4,5,"201588,1610612749"
1627777,"Georges Niang",1610612762,"UTA",26.0,2,1,1,0.500000,25.7,2,5,0.4,2,5,0.4,4,4,1.0,0,3,3,1,2,0,0,0,4,3,10,-12,13.1,0,0,1,40,127,127,219,232,256,190,88,128,107,77,100,1,207,197,230,204,130,201,145,1,191,127,191,297,272,41,4,5,"1627777,1610612762"
203507,"Giannis Antetokounmpo",1610612749,"MIL",24.0,1,1,0,1.000000,28.166666666666668,11,17,0.647,2,5,0.4,6,11,0.545,0,13,13,11,3,1,1,1,6,11,30,8,65.1,1,1,197,40,1,1,204,47,82,38,88,128,107,50,28,174,207,20,40,19,88,103,62,199,273,17,51,78,36,7,1,5,"203507,1610612749"
203922,"Glenn Robinson III",1610612744,"GSW",25.0,1,0,1,0.000000,30.233333333333334,5,10,0.5,1,4,0.25,2,2,1.0,2,3,5,2,0,0,0,0,3,1,13,-22,22.0,0,0,197,231,127,231,190,146,181,98,135,151,159,130,154,1,82,197,176,152,270,201,145,1,149,220,159,336,206,41,4,5,"203922,1610612744"
201609,"Goran Dragic",1610612748,"MIA",33.0,1,1,0,1.000000,25.116666666666667,4,9,0.444,2,4,0.5,9,10,0.9,0,3,3,3,4,1,2,1,1,5,19,0,32.1,0,0,197,40,1,1,223,169,195,155,88,151,46,26,37,92,207,197,230,113,55,103,30,199,49,85,106,160,139,41,4,5,"201609,1610612748"
202330,"Gordon Hayward",1610612738,"BOS",29.0,2,1,1,0.500000,72.07,13,27,0.481,3,4,0.75,11,13,0.846,3,10,13,4,4,0,0,2,6,8,40,-2,57.6,0,0,1,40,127,127,15,35,34,137,54,151,18,16,19,102,48,38,40,90,55,201,145,288,273,42,28,192,47,41,4,5,"202330,1610612738"
203476,"Gorgui Dieng",1610612750,"MIN",29.0,1,1,0,1.000000,6.25,1,3,0.333,0,2,0.0,0,0,0.0,0,2,2,0,1,0,0,0,0,0,2,-3,3.4,0,0,197,40,1,1,310,272,287,222,209,202,209,216,230,216,207,241,256,267,187,201,145,1,1,277,300,199,318,41,4,5,"203476,1610612750"
1629684,"Grant Williams",1610612738,"BOS",20.0,2,1,1,0.500000,29.083333333333332,2,10,0.2,0,3,0.0,0,0,0.0,6,2,8,4,1,1,0,0,5,2,4,5,21.6,0,0,1,40,127,127,196,232,181,287,209,179,209,216,230,216,10,241,104,90,187,103,145,1,229,166,269,109,208,41,4,5,"1629684,1610612738"
1628960,"Grayson Allen",1610612763,"MEM",24.0,2,0,2,0.000000,39.158333333333331,3,11,0.273,2,8,0.25,3,4,0.75,0,2,2,5,2,0,0,0,5,5,11,-20,18.9,0,0,1,231,297,231,132,203,164,263,88,60,159,96,100,120,207,241,256,66,130,201,145,1,229,85,179,332,226,41,4,5,"1628960,1610612763"
1628977,"Hamidou Diallo",1610612760,"OKC",21.0,2,0,2,0.000000,41.008333333333333,8,15,0.533,0,2,0.0,3,5,0.6,2,6,8,0,8,2,0,2,6,6,19,-4,26.6,0,0,1,231,297,231,127,78,106,84,209,202,209,96,86,168,82,118,104,267,9,46,145,288,273,67,106,221,181,41,4,5,"1628977,1610612760"
203084,"Harrison Barnes",1610612758,"SAC",27.0,2,0,2,0.000000,63.65,10,21,0.476,3,6,0.5,2,4,0.5,3,8,11,2,4,2,0,1,3,4,25,-34,43.2,0,0,1,231,297,231,38,55,56,139,54,103,46,130,100,175,48,69,63,152,55,46,145,199,149,101,62,345,92,41,4,5,"203084,1610612758"
202355,"Hassan Whiteside",1610612757,"POR",30.0,2,1,1,0.500000,52.36,15,17,0.882,0,0,0.0,8,10,0.8,7,21,28,3,6,1,3,1,6,9,38,23,82.1,1,0,1,40,127,127,86,22,82,14,209,285,209,34,37,111,4,3,3,113,26,103,14,199,273,27,33,12,19,7,4,5,"202355,1610612757"
1629067,"Isaac Bonga",1610612764,"WAS",19.0,2,1,1,0.500000,46.925,6,9,0.667,1,3,0.333,2,3,0.667,1,8,9,4,1,3,1,0,9,5,15,-1,42.8,0,0,1,40,127,127,109,120,195,32,135,179,128,130,132,148,125,69,86,90,187,25,62,1,338,85,143,176,96,41,4,5,"1629067,1610612764"
202397,"Ish Smith",1610612764,"WAS",31.0,2,1,1,0.500000,57.033333333333331,5,17,0.294,1,7,0.143,0,0,0.0,1,4,5,9,2,1,1,0,7,2,11,3,34.5,0,0,1,40,127,127,67,146,82,254,135,84,196,216,230,216,125,168,176,29,130,103,62,1,292,166,179,124,129,41,4,5,"202397,1610612764"
1627826,"Ivica Zubac",1610612746,"LAC",22.0,2,2,0,1.000000,27.506666666666668,8,9,0.889,0,0,0.0,8,9,0.889,2,9,11,1,1,0,2,0,4,5,24,17,43.7,1,0,1,1,1,1,208,78,195,13,209,285,209,34,46,95,82,52,63,204,187,201,30,1,191,85,67,26,89,7,4,5,"1627826,1610612746"
200755,"JJ Redick",1610612740,"NOP",35.0,2,0,2,0.000000,48.618333333333332,7,12,0.583,5,8,0.625,0,0,0.0,0,2,2,3,5,0,0,0,3,2,19,-16,20.9,0,0,1,231,297,231,101,101,147,62,23,60,29,216,230,216,207,241,256,113,40,201,145,1,149,166,106,318,211,41,4,5,"200755,1610612740"
1629630,"Ja Morant",1610612763,"MEM",20.0,2,0,2,0.000000,53.483333333333334,9,21,0.429,1,2,0.5,5,8,0.625,2,5,7,9,10,4,1,6,5,7,24,-31,50.9,0,0,1,231,297,231,79,65,56,168,135,202,46,58,51,166,82,131,125,29,2,15,62,347,229,52,67,343,67,41,4,5,"1629630,1610612763"
203210,"JaMychal Green",1610612746,"LAC",29.0,2,2,0,1.000000,35.016666666666666,7,12,0.583,7,11,0.636,0,1,0.0,1,6,7,0,2,0,0,0,6,0,21,-3,27.4,0,0,1,1,1,1,160,101,147,62,10,32,27,216,211,216,125,118,125,267,130,201,145,1,273,277,90,199,172,41,4,5,"203210,1610612746"
201580,"JaVale McGee",1610612747,"LAL",31.0,2,1,1,0.500000,29.046666666666667,2,4,0.5,0,0,0.0,0,0,0.0,5,1,6,0,4,0,2,0,1,1,4,-4,13.2,0,0,1,40,127,127,197,232,271,98,209,285,209,216,230,216,14,275,153,267,55,201,30,1,49,220,269,221,270,41,4,5,"201580,1610612747"
203953,"Jabari Parker",1610612737,"ATL",24.0,1,1,0,1.000000,22.681666666666668,8,11,0.727,1,2,0.5,1,1,1.0,0,1,1,0,0,0,0,1,1,1,18,10,19.2,0,0,197,40,1,1,241,78,164,25,135,202,46,182,211,1,207,275,288,267,270,201,145,199,49,220,117,59,225,41,4,5,"203953,1610612737"
1628980,"Jacob Evans",1610612744,"GSW",22.0,1,0,1,0.000000,21.711666666666666,5,9,0.556,4,6,0.667,0,0,0.0,1,3,4,1,0,0,0,1,1,2,14,3,20.3,0,0,197,231,127,231,246,146,195,68,38,103,21,216,230,216,125,197,204,204,270,201,145,199,49,166,150,124,216,41,4,5,"1628980,1610612744"
203109,"Jae Crowder",1610612763,"MEM",29.0,2,0,2,0.000000,61.18333333333333,8,24,0.333,5,19,0.263,5,6,0.833,4,10,14,5,2,1,0,0,3,6,26,-19,51.3,0,0,1,231,297,231,48,78,47,222,23,5,158,58,70,103,26,38,29,66,130,103,145,1,149,67,59,327,64,41,4,5,"203109,1610612763"
1626143,"Jahlil Okafor",1610612740,"NOP",23.0,2,0,2,0.000000,19.616666666666667,5,6,0.833,0,0,0.0,2,3,0.667,3,2,5,0,1,0,1,0,4,7,12,-9,20.0,0,0,1,231,297,231,256,146,235,15,209,285,209,130,132,148,48,241,176,267,187,201,62,1,191,52,171,280,221,41,4,5,"1626143,1610612740"
1627774,"Jake Layman",1610612750,"MIN",25.0,2,2,0,1.000000,47.893333333333331,8,20,0.4,6,13,0.462,0,0,0.0,0,3,3,1,3,0,2,0,4,2,22,29,30.1,0,0,1,1,1,1,107,78,65,190,17,18,87,216,230,216,207,197,230,204,88,201,30,1,191,166,82,5,154,41,4,5,"1627774,1610612750"
1627751,"Jakob Poeltl",1610612759,"SAS",24.0,1,1,0,1.000000,16.116666666666667,3,4,0.75,0,0,0.0,0,0,0.0,2,2,4,1,0,0,1,1,2,2,6,9,15.3,0,0,197,40,1,1,276,203,271,18,209,285,209,216,230,216,82,241,204,204,270,201,62,199,93,166,245,68,255,41,4,5,"1627751,1610612759"
1628973,"Jalen Brunson",1610612742,"DAL",23.0,2,2,0,1.000000,53.083333333333336,9,21,0.429,3,8,0.375,2,4,0.5,5,7,12,5,4,2,0,1,3,7,23,6,46.9,0,0,1,1,1,1,83,65,56,168,54,60,120,130,100,175,14,92,51,66,55,46,145,199,149,52,76,98,77,41,4,5,"1628973,1610612742"
1629667,"Jalen McDaniels",1610612766,"CHA",21.0,1,0,1,0.000000,2.7333333333333334,1,2,0.5,0,0,0.0,0,0,0.0,1,0,1,0,0,0,0,0,0,0,2,0,3.2,0,0,197,231,127,231,335,272,301,98,209,285,209,216,230,216,125,313,288,267,270,201,145,1,1,277,300,160,319,41,4,5,"1629667,1610612766"
1627750,"Jamal Murray",1610612743,"DEN",22.0,2,2,0,1.000000,74.393333333333331,12,33,0.364,5,11,0.455,12,15,0.8,2,10,12,9,5,2,1,1,5,16,41,12,72.9,0,0,1,1,1,1,4,43,22,211,23,32,88,12,8,111,82,38,51,29,40,46,62,199,229,1,27,46,28,41,4,5,"1627750,1610612743"
203516,"James Ennis III",1610612755,"PHI",29.0,1,1,0,1.000000,16.95,0,3,0.0,0,2,0.0,3,4,0.75,1,5,6,0,3,0,0,0,5,2,3,-12,7.2,0,0,197,40,1,1,268,307,287,307,209,202,209,96,100,120,125,131,153,267,88,201,145,1,229,166,282,297,291,41,4,5,"203516,1610612755"
201935,"James Harden",1610612745,"HOU",30.0,1,0,1,0.000000,36.43333333333333,2,13,0.154,1,8,0.125,14,14,1.0,2,5,7,14,7,1,1,1,5,9,19,-3,47.4,1,0,197,231,127,231,145,232,136,299,135,60,201,6,12,1,82,131,125,7,15,103,62,199,229,27,106,199,76,7,4,5,"201935,1610612745"
201162,"Jared Dudley",1610612747,"LAL",34.0,2,1,1,0.500000,18.683333333333334,2,2,1.0,2,2,1.0,0,0,0.0,0,1,1,0,0,0,0,0,2,2,6,-15,7.2,0,0,1,40,127,127,259,232,301,1,88,202,1,216,230,216,207,275,288,267,270,201,145,1,93,166,245,314,291,41,4,5,"201162,1610612747"
1629607,"Jared Harper",1610612756,"PHX",22.0,1,1,0,1.000000,1.9833333333333334,0,1,0.0,0,1,0.0,0,0,0.0,0,0,0,0,0,0,0,0,0,0,0,-1,0.0,0,0,197,40,1,1,340,307,316,307,209,244,209,216,230,216,207,313,320,267,270,201,145,1,1,277,317,176,340,41,4,5,"1629607,1610612756"
1628991,"Jaren Jackson Jr.",1610612763,"MEM",20.0,2,0,2,0.000000,61.983333333333334,14,29,0.483,1,9,0.111,11,15,0.733,5,9,14,2,7,2,3,1,8,16,40,-19,67.8,1,0,1,231,297,231,44,31,29,135,135,47,205,16,8,136,14,52,29,152,15,46,14,199,315,1,28,327,32,7,4,5,"1628991,1610612763"
1629714,"Jarrell Brantley",1610612762,"UTA",23.0,1,0,1,0.000000,4.65,0,0,0.0,0,0,0.0,0,0,0.0,0,3,3,1,0,0,1,0,0,0,0,7,8.1,0,0,197,231,127,231,317,307,332,307,209,285,209,216,230,216,207,197,230,204,270,201,62,1,1,277,317,87,287,41,4,5,"1629714,1610612762"
1628386,"Jarrett Allen",1610612751,"BKN",21.0,2,1,1,0.500000,61.578333333333333,5,12,0.417,0,0,0.0,0,4,0.0,6,14,20,3,2,2,5,0,6,6,10,6,57.5,0,0,1,40,127,127,45,146,147,183,209,285,209,216,100,216,10,15,11,113,130,46,3,1,273,67,191,98,48,41,4,5,"1628386,1610612751"
1629633,"Jarrett Culver",1610612750,"MIN",20.0,2,2,0,1.000000,29.483333333333334,2,8,0.25,0,3,0.0,0,0,0.0,2,1,3,1,2,2,0,2,1,1,4,10,13.1,0,0,1,1,1,1,193,232,212,272,209,179,209,216,230,216,82,275,230,204,130,46,145,288,49,220,269,59,272,41,4,5,"1629633,1610612750"
1629750,"Javonte Green",1610612738,"BOS",26.0,1,1,0,1.000000,0.08,0,0,0.0,0,0,0.0,0,0,0.0,0,0,0,0,0,0,0,0,0,0,0,0,0.0,0,0,197,40,1,1,349,307,332,307,209,285,209,216,230,216,207,313,320,267,270,201,145,1,1,277,317,160,340,41,4,5,"1629750,1610612738"
1627759,"Jaylen Brown",1610612738,"BOS",23.0,2,1,1,0.500000,58.93333333333333,14,26,0.538,3,9,0.333,2,4,0.5,0,16,16,4,2,1,2,1,7,5,33,-10,65.2,0,0,1,40,127,127,58,31,38,80,54,47,128,130,100,175,207,12,21,90,130,103,30,199,292,85,46,287,34,41,4,5,"1627759,1610612738"
1628369,"Jayson Tatum",1610612738,"BOS",21.0,2,1,1,0.500000,72.38333333333334,16,44,0.364,8,15,0.533,6,8,0.75,4,15,19,6,4,5,0,2,2,10,46,5,88.8,1,0,1,40,127,127,14,16,4,211,8,12,44,50,51,120,26,13,12,54,55,7,145,288,93,21,17,109,12,7,4,5,"1628369,1610612738"
201145,"Jeff Green",1610612762,"UTA",33.0,2,1,1,0.500000,39.95,3,11,0.273,2,5,0.4,2,4,0.5,0,5,5,2,4,1,1,1,5,3,10,-2,21.0,0,0,1,40,127,127,129,203,164,263,88,128,107,130,100,175,207,131,176,152,55,103,62,199,229,127,191,192,210,41,4,5,"201145,1610612762"
201952,"Jeff Teague",1610612750,"MIN",31.0,2,2,0,1.000000,56.873333333333335,6,12,0.5,0,3,0.0,6,7,0.857,0,5,5,9,4,3,0,0,5,5,18,0,42.5,0,0,1,1,1,1,69,120,147,98,209,179,209,50,59,99,207,131,176,29,55,25,145,1,229,85,117,160,97,41,4,5,"201952,1610612750"
203924,"Jerami Grant",1610612743,"DEN",25.0,2,2,0,1.000000,52.31,8,15,0.533,3,7,0.429,3,5,0.6,2,5,7,1,3,0,0,0,5,8,22,3,28.9,0,0,1,1,1,1,87,78,106,84,54,84,96,96,86,168,82,131,125,204,88,201,145,1,229,42,82,124,160,41,4,5,"203924,1610612743"
203087,"Jeremy Lamb",1610612754,"IND",27.0,1,0,1,0.000000,25.866666666666667,4,11,0.364,0,2,0.0,2,3,0.667,1,3,4,3,2,1,0,1,4,3,10,-6,20.3,0,0,197,231,127,231,218,169,164,211,209,202,209,130,132,148,125,197,204,113,130,103,145,199,191,127,191,250,216,41,4,5,"203087,1610612754"
1629010,"Jerome Robinson",1610612746,"LAC",22.0,1,1,0,1.000000,4.1,1,3,0.333,1,1,1.0,0,0,0.0,0,2,2,0,0,0,0,0,0,0,3,-3,5.4,0,0,197,40,1,1,324,272,287,222,135,244,1,216,230,216,207,241,256,267,270,201,145,1,1,277,282,199,306,41,4,5,"1629010,1610612746"
1628975,"Jevon Carter",1610612756,"PHX",24.0,2,1,1,0.500000,35.83,6,11,0.545,5,8,0.625,0,0,0.0,1,2,3,4,2,0,1,1,8,1,17,14,27.6,0,0,1,40,127,127,150,120,164,74,23,60,29,216,230,216,125,241,230,90,130,201,62,199,315,220,126,38,170,41,4,5,"1628975,1610612756"
203925,"Joe Harris",1610612751,"BKN",28.0,2,1,1,0.500000,70.713333333333338,10,17,0.588,7,11,0.636,0,0,0.0,1,7,8,3,4,1,1,2,7,3,27,3,43.1,0,0,1,40,127,127,18,55,82,60,10,32,27,216,230,216,125,92,104,113,55,103,62,288,292,127,56,124,93,41,4,5,"203925,1610612751"
204060,"Joe Ingles",1610612762,"UTA",32.0,2,1,1,0.500000,61.02,4,10,0.4,1,5,0.2,0,0,0.0,0,7,7,5,3,0,0,1,5,0,9,-1,21.9,0,0,1,40,127,127,50,169,181,190,135,128,178,216,230,216,207,92,125,66,88,201,145,199,229,277,205,176,207,41,4,5,"204060,1610612762"
203954,"Joel Embiid",1610612755,"PHI",25.0,1,1,0,1.000000,23.25,5,14,0.357,1,4,0.25,4,8,0.5,4,9,13,3,0,0,3,0,5,7,15,16,44.1,1,0,197,40,1,1,238,146,124,217,135,151,159,77,51,175,26,52,40,113,270,201,14,1,229,52,143,29,86,7,4,5,"203954,1610612755"
1628381,"John Collins",1610612737,"ATL",22.0,1,1,0,1.000000,30.235,8,15,0.533,1,3,0.333,1,1,1.0,3,7,10,1,0,2,1,1,2,2,18,4,40.5,1,0,197,40,1,1,189,78,106,84,135,179,128,182,211,1,48,92,76,204,270,46,62,199,93,166,117,115,106,7,4,5,"1628381,1610612737"
1628405,"Johnathan Motley",1610612746,"LAC",24.0,1,1,0,1.000000,4.1,1,1,1.0,1,1,1.0,0,0,0.0,0,1,1,2,2,0,0,0,1,0,3,-3,5.2,0,0,197,40,1,1,324,272,316,1,135,244,1,216,230,216,207,275,288,152,130,201,145,1,49,277,282,199,308,41,4,5,"1628405,1610612746"
202685,"Jonas Valanciunas",1610612763,"MEM",27.0,2,0,2,0.000000,34.608333333333334,7,17,0.412,0,2,0.0,3,4,0.75,4,10,14,1,5,1,1,2,6,4,17,-17,36.3,1,0,1,231,297,231,164,101,82,187,209,202,209,96,100,120,26,38,29,204,40,103,62,288,273,101,126,324,122,7,4,5,"202685,1610612763"
1628371,"Jonathan Isaac",1610612753,"ORL",22.0,1,1,0,1.000000,23.983333333333334,1,3,0.333,0,1,0.0,1,2,0.5,1,7,8,2,2,1,2,1,4,1,3,0,22.6,0,0,197,40,1,1,232,272,287,222,209,244,209,182,154,175,125,92,104,152,130,103,30,199,191,220,282,160,201,41,4,5,"1628371,1610612753"
1628395,"Jordan Bell",1610612750,"MIN",24.0,1,1,0,1.000000,4.85,2,2,1.0,0,0,0.0,0,0,0.0,1,4,5,0,0,0,0,0,1,0,4,-3,10.0,0,0,197,40,1,1,314,232,301,1,209,285,209,216,230,216,125,168,176,267,270,201,145,1,49,277,269,199,281,41,4,5,"1628395,1610612750"
203903,"Jordan Clarkson",1610612739,"CLE",27.0,1,0,1,0.000000,18.316666666666666,2,12,0.167,0,5,0.0,3,3,1.0,1,1,2,0,1,2,0,0,0,2,7,-12,14.4,0,0,197,231,127,231,261,232,147,296,209,128,209,96,132,1,125,275,256,267,187,46,145,1,1,166,231,297,258,41,4,5,"203903,1610612739"
203895,"Jordan McRae",1610612764,"WAS",28.0,1,0,1,0.000000,23.131666666666668,4,9,0.444,1,3,0.333,2,2,1.0,0,5,5,3,1,0,0,0,2,2,11,-7,20.5,0,0,197,231,127,231,239,169,195,155,135,179,128,130,154,1,207,131,176,113,187,201,145,1,93,166,179,264,215,41,4,5,"203895,1610612764"
1629673,"Jordan Poole",1610612744,"GSW",20.0,1,0,1,0.000000,20.8,2,13,0.154,1,7,0.143,0,0,0.0,0,2,2,2,1,1,0,1,0,1,5,10,12.4,0,0,197,231,127,231,249,232,136,299,135,84,196,216,230,216,207,241,256,152,187,103,145,199,1,220,258,59,274,41,4,5,"1629673,1610612744"
1628404,"Josh Hart",1610612740,"NOP",24.0,2,0,2,0.000000,54.583333333333336,9,18,0.5,4,10,0.4,9,10,0.9,6,13,19,1,3,2,1,1,9,7,31,-6,61.3,1,0,1,231,297,231,76,65,76,98,38,42,107,26,37,92,10,20,12,204,88,46,62,199,338,52,49,250,38,7,4,5,"1628404,1610612740"
1629006,"Josh Okogie",1610612750,"MIN",21.0,2,2,0,1.000000,40.916666666666664,7,11,0.636,2,5,0.4,9,11,0.818,2,5,7,6,3,2,0,1,3,9,25,50,45.4,0,0,1,1,1,1,128,101,164,43,88,128,107,26,28,109,82,131,125,54,88,46,145,199,149,27,62,1,82,41,4,5,"1629006,1610612750"
1626196,"Josh Richardson",1610612755,"PHI",26.0,1,1,0,1.000000,33.1,4,12,0.333,0,4,0.0,9,9,1.0,2,4,6,2,2,1,2,0,4,7,17,22,34.2,0,0,197,40,1,1,176,169,147,222,209,151,209,26,46,1,82,168,153,152,130,103,30,1,191,52,126,15,132,41,4,5,"1626196,1610612755"
201950,"Jrue Holiday",1610612740,"NOP",29.0,2,0,2,0.000000,74.3,8,26,0.308,1,9,0.111,4,6,0.667,3,5,8,14,5,2,2,2,3,4,21,-28,58.6,0,0,1,231,297,231,5,78,38,247,135,47,205,77,70,148,48,131,104,7,40,46,30,288,149,101,90,341,43,41,4,5,"201950,1610612740"
203944,"Julius Randle",1610612752,"NYK",24.0,2,0,2,0.000000,73.966666666666669,15,33,0.455,1,6,0.167,8,13,0.615,4,18,22,10,7,3,0,2,9,9,39,4,82.4,2,0,1,231,297,231,7,22,22,151,135,103,189,34,19,167,26,7,9,24,15,25,145,288,338,27,31,115,18,1,4,5,"203944,1610612752"
203200,"Justin Holiday",1610612754,"IND",30.0,1,0,1,0.000000,14.583333333333334,0,2,0.0,0,1,0.0,0,0,0.0,0,0,0,2,0,1,0,0,3,0,0,-8,6.0,0,0,197,231,127,231,284,307,301,307,209,244,209,216,230,216,207,313,320,152,270,103,145,1,149,277,317,271,301,41,4,5,"203200,1610612754"
1628382,"Justin Jackson",1610612742,"DAL",24.0,2,2,0,1.000000,31.751666666666665,6,11,0.545,1,4,0.25,4,4,1.0,0,5,5,2,2,0,0,0,2,2,17,7,24.0,0,0,1,1,1,1,179,120,164,74,135,151,159,77,100,1,207,131,176,152,130,201,145,1,93,166,126,87,188,41,4,5,"1628382,1610612742"
1629713,"Justin James",1610612758,"SAC",22.0,1,0,1,0.000000,2.5666666666666669,1,1,1.0,0,0,0.0,0,0,0.0,0,0,0,0,0,0,0,0,0,0,2,6,2.0,0,0,197,231,127,231,336,272,316,1,209,285,209,216,230,216,207,313,320,267,270,201,145,1,1,277,300,98,327,41,4,5,"1629713,1610612758"
1629620,"Justin Robinson",1610612764,"WAS",22.0,1,0,1,0.000000,0.61833333333333329,0,0,0.0,0,0,0.0,0,0,0.0,0,0,0,0,0,0,0,0,0,0,0,3,0.0,0,0,197,231,127,231,346,307,332,307,209,285,209,216,230,216,207,313,320,267,270,201,145,1,1,277,317,124,340,41,4,5,"1629620,1610612764"
1626159,"Justise Winslow",1610612748,"MIA",23.0,1,1,0,1.000000,36.966666666666669,10,21,0.476,1,2,0.5,6,9,0.667,2,5,7,7,3,1,1,0,2,6,27,22,48.9,0,0,197,40,1,1,143,55,56,139,135,202,46,50,46,148,82,131,125,43,88,103,62,1,93,67,56,15,71,41,4,5,"1626159,1610612748"
1629644,"KZ Okpala",1610612748,"MIA",20.0,1,1,0,1.000000,1.1666666666666667,0,0,0.0,0,0,0.0,0,0,0.0,0,1,1,0,1,0,0,0,0,0,0,-4,0.2,0,0,197,40,1,1,342,307,332,307,209,285,209,216,230,216,207,275,288,267,187,201,145,1,1,277,317,221,339,41,4,5,"1629644,1610612748"
1626157,"Karl-Anthony Towns",1610612750,"MIN",23.0,2,2,0,1.000000,66.395,24,40,0.6,11,18,0.611,14,21,0.667,5,24,29,11,5,7,5,2,8,16,73,24,155.3,2,0,1,1,1,1,31,2,7,49,2,6,34,6,1,148,14,2,2,19,40,2,3,288,315,1,2,11,1,1,4,5,"1626157,1610612750"
202695,"Kawhi Leonard",1610612746,"LAC",28.0,2,2,0,1.000000,52.99,19,36,0.528,2,8,0.25,11,14,0.786,1,10,11,14,7,2,1,1,5,8,51,32,87.2,0,0,1,1,1,1,84,10,19,91,88,60,159,16,12,118,125,38,63,7,15,46,62,199,229,42,10,4,15,41,4,5,"202695,1610612746"
1629103,"Kelan Martin",1610612750,"MIN",24.0,1,1,0,1.000000,4.85,0,3,0.0,0,1,0.0,0,0,0.0,0,1,1,0,0,0,0,0,1,0,0,-3,1.2,0,0,197,40,1,1,314,307,287,307,209,244,209,216,230,216,207,275,288,267,270,201,145,1,49,277,317,199,331,41,4,5,"1629103,1610612750"
203482,"Kelly Olynyk",1610612748,"MIA",28.0,1,1,0,1.000000,22.208333333333332,1,3,0.333,1,1,1.0,4,4,1.0,1,7,8,0,2,1,2,1,4,2,7,21,23.6,0,0,197,40,1,1,242,272,287,222,135,244,1,77,100,1,125,92,104,267,130,103,30,199,191,166,231,18,192,41,4,5,"203482,1610612748"
1626162,"Kelly Oubre Jr.",1610612756,"PHX",23.0,2,1,1,0.500000,66.983333333333334,15,29,0.517,4,11,0.364,10,10,1.0,4,13,17,3,4,3,2,2,7,9,44,8,79.9,0,0,1,40,127,127,27,22,29,97,38,32,126,21,37,1,26,20,17,113,55,25,30,288,292,27,20,78,20,41,4,5,"1626162,1610612756"
202689,"Kemba Walker",1610612738,"BOS",29.0,2,1,1,0.500000,70.453333333333333,12,40,0.3,3,14,0.214,7,8,0.875,5,3,8,4,5,2,2,4,7,14,34,-9,56.6,0,0,1,40,127,127,19,43,7,250,54,16,177,43,51,96,14,197,104,90,40,46,30,336,292,7,44,280,52,41,4,5,"202689,1610612738"
1629134,"Kendrick Nunn",1610612748,"MIA",24.0,1,1,0,1.000000,26.516666666666666,10,18,0.556,1,2,0.5,3,3,1.0,0,2,2,3,1,2,0,2,5,5,24,27,35.9,0,0,197,40,1,1,215,55,76,68,135,202,46,96,132,1,207,241,256,113,187,46,145,288,229,85,67,7,123,41,4,5,"1629134,1610612748"
1629026,"Kenrich Williams",1610612740,"NOP",24.0,2,0,2,0.000000,39.481666666666669,3,9,0.333,2,5,0.4,4,5,0.8,4,8,12,4,2,1,2,0,7,2,12,8,39.4,0,0,1,231,297,231,130,203,195,222,88,128,107,77,86,111,26,69,51,90,130,103,30,1,292,166,171,78,108,41,4,5,"1629026,1610612740"
203145,"Kent Bazemore",1610612757,"POR",30.0,2,1,1,0.500000,48.06666666666667,5,14,0.357,1,6,0.167,2,2,1.0,1,9,10,5,1,5,2,1,7,4,13,6,52.5,0,0,1,40,127,127,105,146,124,217,135,103,189,130,154,1,125,52,76,66,187,7,30,199,292,101,159,98,61,41,4,5,"203145,1610612757"
203484,"Kentavious Caldwell-Pope",1610612747,"LAL",26.0,2,1,1,0.500000,48.12833333333333,0,9,0.0,0,4,0.0,1,2,0.5,0,5,5,4,1,2,0,0,8,3,1,-5,18.0,0,0,1,40,127,127,104,307,195,307,209,151,209,182,154,175,207,131,176,90,187,46,145,1,315,127,313,239,233,41,4,5,"203484,1610612747"
1628989,"Kevin Huerter",1610612737,"ATL",21.0,1,1,0,1.000000,14.066666666666666,0,3,0.0,0,2,0.0,0,0,0.0,0,4,4,5,3,0,0,0,5,0,0,-5,9.3,0,0,197,40,1,1,289,307,287,307,209,202,209,216,230,216,207,168,204,66,88,201,145,1,229,277,317,239,282,41,4,5,"1628989,1610612737"
1628995,"Kevin Knox II",1610612752,"NYK",20.0,2,0,2,0.000000,49.833333333333336,10,17,0.588,7,8,0.875,2,2,1.0,0,6,6,2,1,1,0,2,8,3,29,-9,41.2,0,0,1,231,297,231,98,55,82,60,10,60,17,130,154,1,207,118,153,152,187,103,145,288,315,127,53,280,101,41,4,5,"1628995,1610612752"
201567,"Kevin Love",1610612739,"CLE",31.0,1,0,1,0.000000,35.95,4,9,0.444,0,1,0.0,3,4,0.75,1,17,18,3,2,1,0,0,2,3,11,-15,38.1,1,0,197,231,127,231,147,169,195,155,209,244,209,96,100,120,125,10,15,113,130,103,145,1,93,127,179,314,116,7,4,5,"201567,1610612739"
1629645,"Kevin Porter Jr.",1610612739,"CLE",19.0,1,0,1,0.000000,17.166666666666668,0,6,0.0,0,1,0.0,0,0,0.0,0,1,1,2,0,1,0,0,2,0,0,-5,7.2,0,0,197,231,127,231,267,307,235,307,209,244,209,216,230,216,207,275,288,152,270,103,145,1,93,277,317,239,291,41,4,5,"1629645,1610612739"
1626172,"Kevon Looney",1610612744,"GSW",23.0,1,0,1,0.000000,10.45,1,4,0.25,1,1,1.0,0,0,0.0,5,4,9,1,1,0,0,0,3,0,3,-4,14.3,0,0,197,231,127,231,304,272,271,272,135,244,1,216,230,216,14,168,86,204,187,201,145,1,149,277,282,221,261,41,4,5,"1626172,1610612744"
203114,"Khris Middleton",1610612749,"MIL",28.0,1,1,0,1.000000,33.333333333333336,4,16,0.25,3,9,0.333,0,0,0.0,1,7,8,3,2,1,1,1,2,1,11,2,29.1,0,0,197,40,1,1,172,169,94,272,54,47,128,216,230,216,125,92,104,113,130,103,62,199,93,220,179,139,159,41,4,5,"203114,1610612749"
1628961,"Kostas Antetokounmpo",1610612747,"LAL",21.0,1,1,0,1.000000,0.47166666666666668,0,0,0.0,0,0,0.0,0,0,0.0,0,0,0,0,0,0,0,0,0,0,0,0,0.0,0,0,197,40,1,1,347,307,332,307,209,285,209,216,230,216,207,313,320,267,270,201,145,1,1,277,317,160,340,41,4,5,"1628961,1610612747"
1627739,"Kris Dunn",1610612741,"CHI",25.0,2,1,1,0.500000,49.893333333333331,8,16,0.5,0,4,0.0,1,2,0.5,1,3,4,6,1,7,2,0,6,2,17,-8,56.8,0,0,1,40,127,127,96,78,94,98,209,151,209,182,154,175,125,197,204,54,187,2,30,1,273,166,126,271,51,41,4,5,"1627739,1610612741"
204001,"Kristaps Porzingis",1610612742,"DAL",24.0,2,2,0,1.000000,58.248333333333335,15,33,0.455,6,12,0.5,11,15,0.733,0,8,8,5,7,1,6,1,7,13,47,0,78.1,0,0,1,1,1,1,60,22,22,151,17,21,46,16,8,136,207,69,104,66,15,103,2,199,292,13,14,160,25,41,4,5,"204001,1610612742"
1629065,"Ky Bowman",1610612744,"GSW",22.0,1,0,1,0.000000,4.1,0,0,0.0,0,0,0.0,0,0,0.0,0,0,0,1,0,0,0,0,0,0,0,3,1.5,0,0,197,231,127,231,324,307,332,307,209,285,209,216,230,216,207,313,320,204,270,201,145,1,1,277,317,124,328,41,4,5,"1629065,1610612744"
203937,"Kyle Anderson",1610612763,"MEM",26.0,2,0,2,0.000000,41.033333333333331,6,10,0.6,1,2,0.5,0,2,0.0,3,10,13,5,1,2,1,0,2,3,13,-4,44.1,0,0,1,231,297,231,126,120,181,49,135,202,46,216,154,216,48,38,40,66,187,46,62,1,93,127,159,221,86,41,4,5,"203937,1610612763"
2594,"Kyle Korver",1610612749,"MIL",38.0,1,1,0,1.000000,15.233333333333333,2,4,0.5,1,3,0.333,0,0,0.0,1,5,6,1,1,1,0,0,1,0,5,8,15.7,0,0,197,40,1,1,280,232,271,98,135,179,128,216,230,216,125,131,153,204,187,103,145,1,49,277,258,78,252,41,4,5,"2594,1610612749"
200768,"Kyle Lowry",1610612761,"TOR",33.0,2,1,1,0.500000,84.698333333333338,15,33,0.455,9,21,0.429,12,14,0.857,1,8,9,13,8,3,1,3,9,14,51,-8,85.3,0,0,1,40,127,127,2,22,22,151,4,4,96,12,12,99,125,69,86,11,9,25,62,327,338,7,10,271,16,41,4,5,"200768,1610612761"
203124,"Kyle O'Quinn",1610612755,"PHI",29.0,1,1,0,1.000000,3.7166666666666668,2,2,1.0,1,1,1.0,0,0,0.0,0,1,1,0,0,0,0,0,0,1,5,-2,6.2,0,0,197,40,1,1,331,232,301,1,135,244,1,216,230,216,207,275,288,267,270,201,145,1,1,220,258,192,299,41,4,5,"203124,1610612755"
202681,"Kyrie Irving",1610612751,"BKN",27.0,2,1,1,0.500000,69.38333333333334,25,52,0.481,9,22,0.409,17,18,0.944,3,7,10,12,4,3,1,0,9,14,76,18,114.0,0,0,1,40,127,127,24,1,1,138,4,2,106,1,3,84,48,92,76,15,55,25,62,1,338,7,1,21,3,41,4,5,"202681,1610612751"
200746,"LaMarcus Aldridge",1610612759,"SAS",34.0,1,1,0,1.000000,35.3,8,15,0.533,1,1,1.0,5,5,1.0,4,4,8,1,4,0,2,0,1,4,22,-3,35.1,0,0,197,40,1,1,156,78,106,84,135,244,1,58,86,1,26,168,104,204,55,201,30,1,49,101,82,199,126,41,4,5,"200746,1610612759"
1629013,"Landry Shamet",1610612746,"LAC",22.0,2,2,0,1.000000,60.368333333333332,7,13,0.538,5,8,0.625,0,0,0.0,0,3,3,5,1,0,1,1,3,1,19,14,32.1,0,0,1,1,1,1,53,101,136,80,23,60,29,216,230,216,207,197,230,66,187,201,62,199,149,220,106,38,139,41,4,5,"1629013,1610612746"
204038,"Langston Galloway",1610612765,"DET",27.0,2,1,1,0.500000,45.87166666666667,4,13,0.308,3,8,0.375,2,2,1.0,1,6,7,3,4,2,2,0,2,1,13,9,33.9,0,0,1,40,127,127,114,169,136,247,54,60,120,130,154,1,125,118,125,113,55,46,30,1,93,220,159,68,133,41,4,5,"204038,1610612765"
1626204,"Larry Nance Jr.",1610612739,"CLE",26.0,1,0,1,0.000000,26.8,4,11,0.364,1,5,0.2,0,2,0.0,4,10,14,2,4,0,1,0,5,3,9,-3,27.8,0,0,197,231,127,231,212,169,164,211,135,128,178,216,154,216,26,38,29,152,55,201,62,1,229,127,205,199,167,41,4,5,"1626204,1610612739"
1628374,"Lauri Markkanen",1610612741,"CHI",22.0,2,1,1,0.500000,66.11666666666666,17,40,0.425,2,17,0.118,8,10,0.8,7,21,28,5,6,1,1,0,2,7,44,-1,85.1,1,0,1,40,127,127,33,13,7,179,88,9,204,34,37,111,4,3,3,66,26,103,62,1,93,52,20,176,17,7,4,5,"1628374,1610612741"
2544,"LeBron James",1610612747,"LAL",34.0,2,1,1,0.500000,66.566666666666663,19,41,0.463,2,9,0.222,10,12,0.833,3,14,17,18,6,2,1,3,3,12,50,9,100.4,2,0,1,40,127,127,29,10,5,146,88,47,174,21,22,103,48,15,17,2,26,46,62,327,149,15,12,68,7,1,4,5,"2544,1610612747"
1628366,"Lonzo Ball",1610612740,"NOP",21.0,2,0,2,0.000000,58.05,8,23,0.348,5,15,0.333,2,4,0.5,1,12,13,10,3,2,0,1,5,4,23,-21,56.6,0,0,1,231,297,231,62,78,50,221,23,12,128,130,100,175,125,24,40,24,88,46,145,199,229,101,76,333,52,41,4,5,"1628366,1610612740"
101150,"Lou Williams",1610612746,"LAC",32.0,2,2,0,1.000000,66.11666666666666,13,25,0.52,2,7,0.286,15,15,1.0,1,7,8,15,2,2,0,1,1,14,43,11,79.1,0,0,1,1,1,1,33,35,41,94,88,84,154,5,8,1,125,92,104,6,130,46,145,199,49,7,22,55,22,41,4,5,"101150,1610612746"
1629029,"Luka Doncic",1610612742,"DAL",20.0,2,2,0,1.000000,71.2,22,38,0.579,7,18,0.389,8,10,0.8,2,17,19,13,9,4,0,0,5,14,59,12,104.3,1,1,1,1,1,1,17,3,14,65,10,6,118,34,37,111,82,10,12,11,4,15,145,1,229,7,5,46,4,7,1,5,"1629029,1610612742"
1628379,"Luke Kennard",1610612765,"DET",23.0,2,1,1,0.500000,58.578333333333333,11,25,0.44,9,18,0.5,12,14,0.857,1,6,7,5,2,1,0,0,3,8,43,9,59.9,0,0,1,40,127,127,59,47,41,165,4,6,46,12,12,99,125,118,125,66,130,103,145,1,149,42,22,68,41,41,4,5,"1628379,1610612765"
1628436,"Luke Kornet",1610612741,"CHI",24.0,2,1,1,0.500000,15.488333333333333,1,7,0.143,1,4,0.25,0,0,0.0,2,4,6,0,1,0,1,0,2,1,3,-12,12.2,0,0,1,40,127,127,279,272,224,303,135,151,159,216,230,216,82,168,153,267,187,201,62,1,93,220,282,297,275,41,4,5,"1628436,1610612741"
1627763,"Malcolm Brogdon",1610612754,"IND",26.0,1,0,1,0.000000,35.85,5,13,0.385,2,4,0.5,10,11,0.909,0,3,3,11,2,0,1,1,2,6,22,-4,43.1,1,0,197,231,127,231,149,146,136,204,88,151,46,21,28,90,207,197,230,19,130,201,62,199,93,67,82,221,93,7,4,5,"1627763,1610612754"
1627736,"Malik Beasley",1610612743,"DEN",22.0,2,2,0,1.000000,42.086666666666666,9,17,0.529,4,8,0.5,1,1,1.0,2,3,5,2,3,2,0,1,4,2,23,-3,35.0,0,0,1,1,1,1,122,65,82,89,38,60,46,182,211,1,82,197,176,152,88,46,145,199,191,166,76,199,128,41,4,5,"1627736,1610612743"
1628370,"Malik Monk",1610612766,"CHA",21.0,2,1,1,0.500000,36.275,3,7,0.429,1,3,0.333,0,0,0.0,0,2,2,6,4,0,0,0,5,0,7,-34,14.4,0,0,1,40,127,127,146,203,224,168,135,179,128,216,230,216,207,241,256,54,55,201,145,1,229,277,231,345,258,41,4,5,"1628370,1610612766"
201188,"Marc Gasol",1610612761,"TOR",34.0,2,1,1,0.500000,57.113333333333337,2,17,0.118,1,8,0.125,2,3,0.667,2,7,9,6,3,0,0,1,7,2,7,1,23.8,0,0,1,40,127,127,66,232,82,306,135,60,201,130,132,148,82,92,86,54,88,201,145,199,292,166,231,152,191,41,4,5,"201188,1610612761"
201158,"Marco Belinelli",1610612759,"SAS",33.0,1,1,0,1.000000,17.766666666666666,1,2,0.5,0,1,0.0,1,2,0.5,0,1,1,1,1,0,0,0,0,2,3,2,4.7,0,0,197,40,1,1,263,272,301,98,209,244,209,182,154,175,207,275,288,204,187,201,145,1,1,166,282,139,310,41,4,5,"201158,1610612759"
202694,"Marcus Morris Sr.",1610612752,"NYK",30.0,2,0,2,0.000000,72.561666666666667,12,27,0.444,6,10,0.6,7,8,0.875,1,5,6,1,2,3,1,0,9,9,37,-16,55.7,0,0,1,231,297,231,13,43,34,155,17,42,35,43,51,96,125,131,153,204,130,25,62,1,338,27,35,318,57,41,4,5,"202694,1610612752"
203935,"Marcus Smart",1610612738,"BOS",25.0,2,1,1,0.500000,61.116666666666667,6,18,0.333,2,11,0.182,0,0,0.0,1,4,5,11,1,1,0,0,5,9,14,-15,38.5,0,0,1,40,127,127,49,120,76,222,88,32,186,216,230,216,125,168,176,19,187,103,145,1,229,27,150,314,115,41,4,5,"203935,1610612738"
1626209,"Mario Hezonja",1610612757,"POR",24.0,2,1,1,0.500000,35.516666666666666,2,6,0.333,0,2,0.0,3,4,0.75,0,8,8,0,2,1,0,0,4,4,7,-13,17.6,0,0,1,40,127,127,154,232,235,222,209,202,209,96,100,120,207,69,104,267,130,103,145,1,191,101,231,304,239,41,4,5,"1626209,1610612757"
1628365,"Markelle Fultz",1610612753,"ORL",21.0,1,1,0,1.000000,23.433333333333334,6,12,0.5,0,3,0.0,0,0,0.0,0,0,0,6,3,2,0,0,1,1,12,3,24.0,0,0,197,40,1,1,237,120,147,98,209,179,209,216,230,216,207,313,320,54,88,46,145,1,49,220,171,124,188,41,4,5,"1628365,1610612753"
202693,"Markieff Morris",1610612765,"DET",30.0,2,1,1,0.500000,48.31666666666667,6,22,0.273,2,8,0.25,1,2,0.5,3,6,9,4,4,1,0,2,4,3,15,-17,30.8,0,0,1,40,127,127,103,120,53,263,88,60,159,182,154,175,48,118,86,90,55,103,145,288,191,127,143,324,152,41,4,5,"202693,1610612765"
1629741,"Marko Guduric",1610612763,"MEM",24.0,2,0,2,0.000000,41.18333333333333,7,16,0.438,1,6,0.167,1,1,1.0,2,3,5,3,5,0,0,1,3,4,16,3,21.5,0,0,1,231,297,231,125,101,94,167,135,103,189,182,211,1,82,197,176,113,40,201,145,199,149,101,137,124,209,41,4,5,"1629741,1610612763"
1627737,"Marquese Chriss",1610612744,"GSW",22.0,1,0,1,0.000000,14.483333333333333,1,2,0.5,0,0,0.0,6,6,1.0,2,2,4,1,1,1,0,0,4,3,8,0,16.3,0,0,197,231,127,231,285,272,301,98,209,285,209,50,70,1,82,241,204,204,187,103,145,1,191,127,217,160,245,41,4,5,"1627737,1610612744"
1628963,"Marvin Bagley III",1610612758,"SAC",20.0,1,0,1,0.000000,27.7,6,16,0.375,0,0,0.0,2,4,0.5,4,6,10,0,1,1,1,3,1,3,14,-21,31.0,1,0,197,231,127,231,206,120,94,207,209,285,209,130,100,175,26,118,76,267,187,103,62,327,49,127,150,333,149,7,4,5,"1628963,1610612758"
101107,"Marvin Williams",1610612766,"CHA",33.0,2,1,1,0.500000,29.173333333333332,6,11,0.545,5,8,0.625,0,0,0.0,0,3,3,1,2,0,0,0,4,0,17,-19,20.1,0,0,1,40,127,127,194,120,164,74,23,60,29,216,230,216,207,197,230,204,130,201,145,1,191,277,126,327,219,41,4,5,"101107,1610612766"
203486,"Mason Plumlee",1610612743,"DEN",29.0,2,2,0,1.000000,31.4,2,6,0.333,0,0,0.0,3,5,0.6,3,6,9,6,1,1,1,0,5,3,7,-11,31.8,0,0,1,1,1,1,183,232,235,222,209,285,209,96,86,168,48,118,86,54,187,103,62,1,229,127,231,290,141,41,4,5,"203486,1610612743"
1629680,"Matisse Thybulle",1610612755,"PHI",22.0,1,1,0,1.000000,21.683333333333334,1,5,0.2,1,3,0.333,0,0,0.0,0,1,1,1,1,2,2,0,5,0,3,5,16.7,0,0,197,40,1,1,247,272,256,287,135,179,128,216,230,216,207,275,288,204,187,46,30,1,229,277,282,109,242,41,4,5,"1629680,1610612755"
203521,"Matthew Dellavedova",1610612739,"CLE",29.0,1,0,1,0.000000,18.1,2,6,0.333,0,4,0.0,1,2,0.5,0,1,1,3,0,1,0,0,2,2,5,-5,13.7,0,0,197,231,127,231,262,232,235,222,209,151,209,182,154,175,207,275,288,113,270,103,145,1,93,166,258,239,267,41,4,5,"203521,1610612739"
203090,"Maurice Harkless",1610612746,"LAC",26.0,2,2,0,1.000000,53.43333333333333,9,14,0.643,2,5,0.4,0,0,0.0,3,3,6,3,2,5,3,1,8,0,20,9,53.7,0,0,1,1,1,1,80,65,124,39,88,128,107,216,230,216,48,197,153,113,130,7,14,199,315,277,98,68,60,41,4,5,"203090,1610612746"
1628467,"Maxi Kleber",1610612742,"DAL",27.0,2,2,0,1.000000,56.915,2,7,0.286,1,6,0.167,3,4,0.75,3,15,18,2,4,0,4,0,7,3,8,6,40.6,0,0,1,1,1,1,68,232,224,255,135,103,189,96,100,120,48,13,15,152,55,201,9,1,292,127,217,98,105,41,4,5,"1628467,1610612742"
203086,"Meyers Leonard",1610612748,"MIA",27.0,1,1,0,1.000000,18.683333333333334,0,2,0.0,0,2,0.0,0,0,0.0,0,3,3,0,0,1,0,0,4,0,0,-6,6.6,0,0,197,40,1,1,259,307,301,307,209,202,209,216,230,216,207,197,230,267,270,103,145,1,191,277,317,250,296,41,4,5,"203086,1610612748"
1629662,"Mfiondu Kabengele",1610612746,"LAC",22.0,1,1,0,1.000000,4.1,1,1,1.0,1,1,1.0,0,0,0.0,0,1,1,0,0,0,1,0,1,0,3,-3,7.2,0,0,197,40,1,1,324,272,316,1,135,244,1,216,230,216,207,275,288,267,270,201,62,1,49,277,282,199,291,41,4,5,"1629662,1610612746"
203487,"Michael Carter-Williams",1610612753,"ORL",28.0,1,1,0,1.000000,14.466666666666667,1,2,0.5,0,1,0.0,0,0,0.0,1,1,2,0,1,1,0,0,2,1,2,5,6.4,0,0,197,40,1,1,286,272,301,98,209,244,209,216,230,216,125,275,256,267,187,103,145,1,93,220,300,109,298,41,4,5,"203487,1610612753"
203077,"Michael Kidd-Gilchrist",1610612766,"CHA",26.0,1,0,1,0.000000,10.083333333333334,2,7,0.286,1,1,1.0,0,0,0.0,1,3,4,0,1,0,0,1,1,0,5,-1,8.8,0,0,197,231,127,231,307,232,224,255,135,244,1,216,230,216,125,197,204,267,187,201,145,199,49,277,258,176,284,41,4,5,"203077,1610612766"
1628969,"Mikal Bridges",1610612756,"PHX",23.0,2,1,1,0.500000,35.766666666666666,2,6,0.333,0,2,0.0,3,4,0.75,0,7,7,1,0,3,0,0,2,4,7,25,25.9,0,0,1,40,127,127,151,232,235,222,209,202,209,96,100,120,207,92,125,204,270,25,145,1,93,101,231,8,183,41,4,5,"1628969,1610612756"
201144,"Mike Conley",1610612762,"UTA",32.0,2,1,1,0.500000,57.966666666666669,4,27,0.148,1,11,0.091,9,10,0.9,1,3,4,8,6,1,0,2,6,10,18,-13,31.8,0,0,1,40,127,127,63,169,34,302,135,32,207,26,37,92,125,197,204,37,26,103,145,288,273,21,117,304,141,41,4,5,"201144,1610612762"
203488,"Mike Muscala",1610612760,"OKC",28.0,2,0,2,0.000000,27.218333333333334,1,8,0.125,1,7,0.143,4,4,1.0,0,7,7,2,1,0,2,1,4,3,7,0,23.4,0,0,1,231,297,231,209,272,212,304,135,84,196,77,100,1,207,92,125,152,187,201,30,199,191,127,231,160,194,41,4,5,"203488,1610612760"
203118,"Mike Scott",1610612755,"PHI",31.0,1,1,0,1.000000,16.283333333333335,2,7,0.286,0,3,0.0,2,2,1.0,1,5,6,1,0,0,0,0,2,1,6,3,14.7,0,0,197,40,1,1,274,232,224,255,209,179,209,130,154,1,125,131,153,204,270,201,145,1,93,220,245,124,256,41,4,5,"203118,1610612755"
1628970,"Miles Bridges",1610612766,"CHA",21.0,2,1,1,0.500000,58.958333333333336,9,15,0.6,3,8,0.375,4,6,0.667,0,7,7,4,5,0,4,0,2,6,25,-13,46.4,0,0,1,40,127,127,57,65,106,49,54,60,120,77,70,148,207,92,125,90,40,201,9,1,93,67,62,304,80,41,4,5,"1628970,1610612766"
1629011,"Mitchell Robinson",1610612752,"NYK",21.0,1,0,1,0.000000,16.583333333333332,3,4,0.75,0,0,0.0,0,0,0.0,2,5,7,1,3,4,1,0,5,1,6,-4,27.9,0,0,197,231,127,231,272,203,271,18,209,285,209,216,230,216,82,131,125,204,88,15,62,1,229,220,245,221,165,41,4,5,"1629011,1610612752"
1628964,"Mo Bamba",1610612753,"ORL",21.0,1,1,0,1.000000,13.783333333333333,3,5,0.6,1,3,0.333,0,0,0.0,1,6,7,1,0,1,0,0,1,0,7,7,19.9,0,0,197,40,1,1,290,203,256,49,135,179,128,216,230,216,125,118,125,204,270,103,145,1,49,277,231,87,222,41,4,5,"1628964,1610612753"
1628420,"Monte Morris",1610612743,"DEN",24.0,2,2,0,1.000000,26.566666666666666,2,12,0.167,0,0,0.0,2,2,1.0,0,1,1,5,1,0,0,0,0,1,6,-3,13.7,0,0,1,1,1,1,214,232,147,296,209,285,209,130,154,1,207,275,288,66,187,201,145,1,1,220,245,199,267,41,4,5,"1628420,1610612743"
1626149,"Montrezl Harrell",1610612746,"LAC",25.0,2,2,0,1.000000,62.926666666666669,15,20,0.75,0,0,0.0,5,13,0.385,3,10,13,7,9,1,1,2,6,9,35,16,58.1,0,0,1,1,1,1,40,22,65,18,209,285,209,58,19,208,48,38,40,43,4,103,62,288,273,27,42,29,46,41,4,5,"1626149,1610612746"
1629021,"Moritz Wagner",1610612764,"WAS",22.0,2,1,1,0.500000,33.18333333333333,8,12,0.667,4,6,0.667,3,4,0.75,2,7,9,0,10,0,1,1,7,3,23,14,26.8,0,0,1,40,127,127,175,78,147,32,38,103,21,96,100,120,82,92,86,267,2,201,62,199,292,127,76,38,179,41,4,5,"1629021,1610612764"
1626167,"Myles Turner",1610612754,"IND",23.0,1,0,1,0.000000,38.083333333333336,9,15,0.6,4,7,0.571,3,3,1.0,2,7,9,0,4,2,3,1,3,4,25,-4,46.8,0,0,197,231,127,231,139,65,106,49,38,84,41,96,132,1,82,92,86,267,55,46,14,199,149,101,62,221,78,41,4,5,"1626167,1610612754"
1629642,"Nassir Little",1610612757,"POR",19.0,1,1,0,1.000000,2.05,0,1,0.0,0,0,0.0,0,0,0.0,0,0,0,0,0,0,0,0,0,0,0,-6,0.0,0,0,197,40,1,1,338,307,316,307,209,285,209,216,230,216,207,313,320,267,270,201,145,1,1,277,317,250,340,41,4,5,"1629642,1610612757"
202357,"Nemanja Bjelica",1610612758,"SAC",31.0,2,0,2,0.000000,48.633333333333333,5,11,0.455,2,6,0.333,2,2,1.0,3,8,11,3,3,3,0,1,2,3,14,-9,37.7,0,0,1,231,297,231,100,146,164,151,88,103,128,130,154,1,48,69,63,113,88,25,145,199,93,127,150,280,118,41,4,5,"202357,1610612758"
203457,"Nerlens Noel",1610612760,"OKC",25.0,2,0,2,0.000000,11.915,1,2,0.5,0,0,0.0,0,0,0.0,0,3,3,1,0,0,1,0,1,1,2,-14,10.1,0,0,1,231,297,231,296,272,301,98,209,285,209,216,230,216,207,197,230,204,270,201,62,1,49,220,300,311,280,41,4,5,"203457,1610612760"
1629638,"Nickeil Alexander-Walker",1610612740,"NOP",21.0,2,0,2,0.000000,26.7,3,19,0.158,3,12,0.25,0,0,0.0,1,4,5,8,2,2,0,2,3,4,9,13,31.0,0,0,1,231,297,231,213,203,70,298,54,21,159,216,230,216,125,168,176,37,130,46,145,288,149,101,205,45,149,41,4,5,"1629638,1610612740"
201587,"Nicolas Batum",1610612766,"CHA",30.0,1,1,0,1.000000,11.2,0,0,0.0,0,0,0.0,0,0,0.0,1,3,4,2,2,0,0,0,2,1,0,1,5.8,0,0,197,40,1,1,300,307,332,307,209,285,209,216,230,216,125,197,204,152,130,201,145,1,93,220,317,152,304,41,4,5,"201587,1610612766"
1629740,"Nicolo Melli",1610612740,"NOP",28.0,2,0,2,0.000000,34.045,7,10,0.7,4,6,0.667,0,0,0.0,3,4,7,3,3,0,0,0,4,3,18,15,27.9,0,0,1,231,297,231,167,101,181,28,38,103,21,216,230,216,48,168,125,113,88,201,145,1,191,127,117,33,165,41,4,5,"1629740,1610612740"
1628430,"Nigel Williams-Goss",1610612762,"UTA",25.0,1,0,1,0.000000,0.47166666666666668,0,0,0.0,0,0,0.0,0,0,0.0,0,0,0,0,0,0,0,0,0,0,0,0,0.0,0,0,197,231,127,231,347,307,332,307,209,285,209,216,230,216,207,313,320,267,270,201,145,1,1,277,317,160,340,41,4,5,"1628430,1610612762"
203999,"Nikola Jokic",1610612743,"DEN",24.0,2,2,0,1.000000,64.421666666666667,16,32,0.5,3,7,0.429,8,11,0.727,7,20,27,14,9,1,2,0,8,9,43,22,96.4,2,1,1,1,1,1,37,16,26,98,54,84,96,34,28,138,4,5,5,7,4,103,30,1,315,27,22,15,11,1,1,5,"203999,1610612743"
202696,"Nikola Vucevic",1610612753,"ORL",29.0,1,1,0,1.000000,34.216666666666669,8,16,0.5,1,5,0.2,4,5,0.8,1,9,10,3,1,1,0,0,0,4,21,2,39.5,1,0,197,40,1,1,166,78,94,98,135,128,178,77,86,111,125,52,76,113,187,103,145,1,1,101,90,139,107,7,4,5,"202696,1610612753"
203943,"Noah Vonleh",1610612750,"MIN",24.0,2,2,0,1.000000,28.406666666666666,3,5,0.6,0,2,0.0,3,3,1.0,1,8,9,2,2,2,0,0,3,3,9,2,26.8,0,0,1,1,1,1,203,203,256,49,209,202,209,96,132,1,125,69,86,152,130,46,145,1,149,127,205,139,179,41,4,5,"203943,1610612750"
1626181,"Norman Powell",1610612761,"TOR",26.0,2,1,1,0.500000,50.435,4,10,0.4,2,7,0.286,2,2,1.0,1,11,12,3,4,0,0,0,3,2,12,0,26.9,0,0,1,40,127,127,93,169,181,190,88,84,154,130,154,1,125,33,51,113,55,201,145,1,149,166,171,160,178,41,4,5,"1626181,1610612761"
1628384,"OG Anunoby",1610612761,"TOR",22.0,2,1,1,0.500000,73.548333333333332,9,17,0.529,2,6,0.333,0,1,0.0,4,11,15,0,3,0,3,3,9,3,20,8,44.0,0,0,1,40,127,127,10,65,82,89,88,103,128,216,211,216,26,33,25,267,88,201,14,327,338,127,98,78,88,41,4,5,"1628384,1610612761"
1629016,"Omari Spellman",1610612744,"GSW",22.0,1,0,1,0.000000,10.966666666666667,2,6,0.333,1,2,0.5,3,3,1.0,2,3,5,0,0,1,0,0,1,2,8,-4,17.0,0,0,197,231,127,231,302,232,235,222,135,202,46,96,132,1,82,197,176,267,270,103,145,1,49,166,217,221,241,41,4,5,"1629016,1610612744"
203490,"Otto Porter Jr.",1610612741,"CHI",26.0,2,1,1,0.500000,48.858333333333334,4,16,0.25,2,9,0.222,3,3,1.0,1,4,5,1,1,3,1,1,4,2,13,2,31.5,0,0,1,40,127,127,99,169,94,272,88,47,174,96,132,1,125,168,176,204,187,25,62,199,191,166,159,139,147,41,4,5,"203490,1610612741"
1629023,"P.J. Washington",1610612766,"CHA",21.0,2,1,1,0.500000,66.88333333333334,13,25,0.52,8,15,0.533,3,4,0.75,3,11,14,1,7,2,2,1,4,2,37,15,60.3,1,0,1,40,127,127,28,35,41,94,8,12,44,96,100,120,48,33,29,204,15,46,30,199,191,166,35,33,40,7,4,5,"1629023,1610612766"
200782,"PJ Tucker",1610612745,"HOU",34.0,1,0,1,0.000000,38.35,6,10,0.6,5,8,0.625,0,0,0.0,2,5,7,0,2,1,0,0,5,2,17,-5,26.4,0,0,197,231,127,231,136,120,181,49,23,60,29,216,230,216,82,131,125,267,130,103,145,1,229,166,126,239,182,41,4,5,"200782,1610612745"
1627783,"Pascal Siakam",1610612761,"TOR",25.0,2,1,1,0.500000,73.821666666666673,22,48,0.458,7,12,0.583,16,17,0.941,8,18,26,7,9,0,1,5,8,15,67,3,102.7,1,0,1,40,127,127,8,3,2,150,10,21,39,3,6,86,1,7,6,43,4,201,62,345,315,5,3,124,6,7,4,5,"1627783,1610612761"
1626192,"Pat Connaughton",1610612749,"MIL",26.0,1,1,0,1.000000,16.8,4,8,0.5,2,5,0.4,0,0,0.0,0,4,4,2,0,0,1,1,1,0,10,-6,20.8,0,0,197,40,1,1,270,169,212,98,88,128,107,216,230,216,207,168,204,152,270,201,62,199,49,277,191,250,213,41,4,5,"1626192,1610612749"
201976,"Patrick Beverley",1610612746,"LAC",31.0,2,2,0,1.000000,59.596666666666664,3,11,0.273,1,8,0.125,0,0,0.0,2,12,14,9,4,5,1,1,7,6,7,33,51.3,0,0,1,1,1,1,55,203,164,263,135,60,201,216,230,216,82,24,29,29,55,7,62,199,292,67,231,3,64,41,4,5,"201976,1610612746"
202335,"Patrick Patterson",1610612746,"LAC",30.0,2,2,0,1.000000,45.645,8,16,0.5,7,13,0.538,1,2,0.5,1,5,6,1,1,0,0,0,5,2,24,28,31.7,0,0,1,1,1,1,115,78,94,98,10,18,43,182,154,175,125,131,153,204,187,201,145,1,229,166,67,6,144,41,4,5,"202335,1610612746"
201988,"Patty Mills",1610612759,"SAS",31.0,1,1,0,1.000000,16.133333333333333,3,11,0.273,2,6,0.333,0,0,0.0,1,1,2,2,2,2,0,0,2,0,8,8,17.4,0,0,197,40,1,1,275,203,164,263,88,103,128,216,230,216,125,275,256,152,130,46,145,1,93,277,217,78,240,41,4,5,"201988,1610612759"
200794,"Paul Millsap",1610612743,"DEN",34.0,2,2,0,1.000000,53.333333333333336,6,14,0.429,3,6,0.5,4,4,1.0,0,7,7,4,2,4,3,1,5,4,19,9,52.4,0,0,1,1,1,1,82,120,124,168,54,103,46,77,100,1,207,92,125,90,130,15,14,199,229,101,106,68,62,41,4,5,"200794,1610612743"
1626188,"Quinn Cook",1610612747,"LAL",26.0,2,1,1,0.500000,38.133333333333333,4,15,0.267,0,4,0.0,0,0,0.0,0,2,2,5,2,0,0,1,0,0,8,-9,15.9,0,0,1,40,127,127,138,169,106,268,209,151,209,216,230,216,207,241,256,66,130,201,145,199,1,277,217,280,250,41,4,5,"1626188,1610612747"
1629628,"RJ Barrett",1610612752,"NYK",19.0,2,0,2,0.000000,72.78,16,29,0.552,3,7,0.429,2,7,0.286,0,8,8,5,8,8,0,0,7,9,37,-2,70.1,0,0,1,231,297,231,12,16,29,72,54,84,96,130,59,211,207,69,104,66,9,1,145,1,292,27,35,192,30,41,4,5,"1629628,1610612752"
203526,"Raul Neto",1610612755,"PHI",27.0,1,1,0,1.000000,1.1,0,0,0.0,0,0,0.0,0,0,0.0,0,0,0,0,0,0,0,0,0,0,0,-1,0.0,0,0,197,40,1,1,344,307,332,307,209,285,209,216,230,216,207,313,320,267,270,201,145,1,1,277,317,176,340,41,4,5,"203526,1610612755"
202704,"Reggie Jackson",1610612765,"DET",29.0,2,1,1,0.500000,35.766666666666666,4,11,0.364,1,5,0.2,1,1,1.0,1,4,5,8,1,0,0,0,2,2,10,1,27.0,0,0,1,40,127,127,151,169,164,211,135,128,178,182,211,1,125,168,176,37,187,201,145,1,93,166,191,152,177,41,4,5,"202704,1610612765"
1626158,"Richaun Holmes",1610612758,"SAC",26.0,2,0,2,0.000000,34.65,4,8,0.5,0,0,0.0,3,4,0.75,3,8,11,0,2,0,3,0,8,2,11,-8,31.2,0,0,1,231,297,231,163,169,212,98,209,285,209,96,100,120,48,69,63,267,130,201,14,1,315,166,179,271,148,41,4,5,"1626158,1610612758"
201937,"Ricky Rubio",1610612756,"PHX",29.0,2,1,1,0.500000,65.2,5,19,0.263,0,3,0.0,10,11,0.909,2,12,14,20,9,6,0,4,8,13,20,14,75.8,1,0,1,40,127,127,36,146,70,270,209,179,209,21,28,90,82,24,29,1,4,5,145,336,315,13,98,38,26,7,4,5,"201937,1610612756"
203496,"Robert Covington",1610612750,"MIN",28.0,2,2,0,1.000000,50.833333333333336,10,21,0.476,3,10,0.3,0,0,0.0,3,10,13,1,2,1,0,0,7,3,23,-7,41.1,0,0,1,1,1,1,91,55,56,139,54,42,152,216,230,216,48,38,40,204,130,103,145,1,292,127,76,264,102,41,4,5,"203496,1610612750"
1629057,"Robert Williams III",1610612738,"BOS",22.0,2,1,1,0.500000,25.416666666666668,5,7,0.714,0,0,0.0,1,2,0.5,3,6,9,2,1,3,2,0,8,1,11,4,38.8,0,0,1,40,127,127,222,146,224,27,209,285,209,182,154,175,48,118,86,152,187,25,30,1,315,220,179,115,112,41,4,5,"1629057,1610612738"
201577,"Robin Lopez",1610612749,"MIL",31.0,1,1,0,1.000000,16.583333333333332,1,3,0.333,0,2,0.0,0,3,0.0,0,2,2,1,1,0,0,0,3,3,2,-4,4.9,0,0,197,40,1,1,272,272,287,222,209,202,209,216,132,216,207,241,256,204,187,201,145,1,149,127,300,221,309,41,4,5,"201577,1610612749"
1629066,"Rodions Kurucs",1610612751,"BKN",21.0,2,1,1,0.500000,19.783333333333335,3,6,0.5,2,2,1.0,1,2,0.5,1,5,6,1,3,1,0,1,3,3,9,-11,17.7,0,0,1,40,127,127,254,203,235,98,88,202,1,182,154,175,125,131,153,204,88,103,145,199,149,127,205,290,237,41,4,5,"1629066,1610612751"
203918,"Rodney Hood",1610612757,"POR",27.0,2,1,1,0.500000,61.551666666666669,8,18,0.444,4,9,0.444,1,1,1.0,1,8,9,2,2,1,1,0,5,3,21,12,38.8,0,0,1,40,127,127,46,78,76,155,38,47,91,182,211,1,125,69,86,152,130,103,62,1,229,127,90,46,112,41,4,5,"203918,1610612757"
1626220,"Royce O'Neale",1610612762,"UTA",26.0,2,1,1,0.500000,56.80833333333333,9,14,0.643,4,7,0.571,0,0,0.0,0,8,8,0,3,1,0,1,8,2,22,-19,31.6,0,0,1,40,127,127,71,65,124,39,38,84,41,216,230,216,207,69,104,267,88,103,145,199,315,166,82,327,145,41,4,5,"1626220,1610612762"
200752,"Rudy Gay",1610612759,"SAS",33.0,1,1,0,1.000000,20.3,4,9,0.444,0,4,0.0,5,5,1.0,1,5,6,3,3,1,1,0,1,5,13,3,27.7,0,0,197,40,1,1,251,169,195,155,209,151,209,58,86,1,125,131,153,113,88,103,62,1,49,85,159,124,169,41,4,5,"200752,1610612759"
203497,"Rudy Gobert",1610612762,"UTA",27.0,2,1,1,0.500000,70.316666666666663,7,14,0.5,0,0,0.0,1,4,0.25,3,20,23,3,7,2,1,2,8,8,15,11,49.1,0,0,1,40,127,127,21,101,124,98,209,285,209,182,100,213,48,5,8,113,15,46,62,288,315,42,143,55,69,41,4,5,"203497,1610612762"
1629060,"Rui Hachimura",1610612764,"WAS",21.0,2,1,1,0.500000,59.493333333333332,15,35,0.429,0,7,0.0,3,3,1.0,5,10,15,2,1,1,0,6,3,2,33,12,56.0,1,0,1,40,127,127,56,22,21,168,209,84,209,96,132,1,14,38,25,152,187,103,145,347,149,166,46,46,56,7,4,5,"1629060,1610612764"
201566,"Russell Westbrook",1610612745,"HOU",30.0,1,0,1,0.000000,32.866666666666667,7,17,0.412,3,7,0.429,7,11,0.636,4,12,16,7,3,2,1,1,3,6,24,0,59.7,1,0,197,231,127,231,177,101,82,187,54,84,96,43,28,163,26,24,21,43,88,46,62,199,149,67,67,160,42,7,4,5,"201566,1610612745"
1627853,"Ryan Arcidiacono",1610612741,"CHI",25.0,2,1,1,0.500000,25.616666666666667,2,4,0.5,2,2,1.0,0,0,0.0,3,3,6,1,0,1,0,0,1,0,6,-13,17.7,0,0,1,40,127,127,220,232,271,98,88,202,1,216,230,216,48,197,153,204,270,103,145,1,49,277,245,304,237,41,4,5,"1627853,1610612741"
1628400,"Semi Ojeleye",1610612738,"BOS",24.0,2,1,1,0.500000,14.083333333333334,0,1,0.0,0,1,0.0,0,0,0.0,0,2,2,0,0,0,0,0,0,1,0,-1,2.4,0,0,1,40,127,127,288,307,316,307,209,244,209,216,230,216,207,241,256,267,270,201,145,1,1,220,317,176,325,41,4,5,"1628400,1610612738"
201586,"Serge Ibaka",1610612761,"TOR",30.0,2,1,1,0.500000,50.231666666666669,9,15,0.6,1,2,0.5,7,10,0.7,2,11,13,1,5,1,3,0,5,7,26,-4,50.1,0,0,1,40,127,127,94,65,106,49,135,202,46,43,37,147,82,33,40,204,40,103,14,1,229,52,59,221,68,41,4,5,"201586,1610612761"
203552,"Seth Curry",1610612742,"DAL",29.0,2,2,0,1.000000,36.75,6,11,0.545,3,4,0.75,2,2,1.0,0,5,5,1,3,0,1,0,4,2,17,20,24.5,0,0,1,1,1,1,144,120,164,74,54,151,18,130,154,1,207,131,176,204,88,201,62,1,191,166,126,20,186,41,4,5,"203552,1610612742"
203894,"Shabazz Napier",1610612750,"MIN",28.0,2,2,0,1.000000,41.81666666666667,2,13,0.154,1,11,0.091,5,7,0.714,1,6,7,16,3,1,2,0,2,9,10,35,48.4,0,0,1,1,1,1,124,232,136,299,135,32,207,58,59,141,125,118,125,4,88,103,30,1,93,27,191,2,73,41,4,5,"203894,1610612750"
1628983,"Shai Gilgeous-Alexander",1610612760,"OKC",21.0,2,0,2,0.000000,72.833333333333329,20,40,0.5,5,11,0.455,9,14,0.643,0,9,9,5,3,3,3,2,4,12,54,-13,87.3,0,0,1,231,297,231,11,7,7,98,23,32,88,26,12,162,207,52,86,66,88,25,14,288,191,15,7,304,14,41,4,5,"1628983,1610612760"
1629003,"Shake Milton",1610612755,"PHI",23.0,1,1,0,1.000000,1.1,0,0,0.0,0,0,0.0,0,0,0.0,0,0,0,1,0,0,0,0,0,0,0,-1,1.5,0,0,197,40,1,1,344,307,332,307,209,285,209,216,230,216,207,313,320,204,270,201,145,1,1,277,317,176,328,41,4,5,"1629003,1610612755"
1627885,"Shaquille Harrison",1610612741,"CHI",26.0,1,1,0,1.000000,4.2666666666666666,1,1,1.0,0,0,0.0,1,2,0.5,0,1,1,0,0,0,0,0,0,1,3,-6,4.2,0,0,197,40,1,1,322,272,316,1,209,285,209,182,154,175,207,275,288,267,270,201,145,1,1,220,282,250,315,41,4,5,"1627885,1610612741"
1627746,"Skal Labissiere",1610612757,"POR",23.0,2,1,1,0.500000,16.9,3,5,0.6,0,0,0.0,2,2,1.0,2,4,6,1,3,0,1,0,2,1,8,-10,16.7,0,0,1,40,127,127,269,203,256,49,209,285,209,130,154,1,82,168,153,204,88,201,62,1,93,220,217,287,242,41,4,5,"1627746,1610612757"
203915,"Spencer Dinwiddie",1610612751,"BKN",26.0,2,1,1,0.500000,45.416666666666664,11,25,0.44,3,10,0.3,9,12,0.75,1,4,5,7,7,0,1,1,8,5,34,-5,46.5,0,0,1,40,127,127,116,47,41,165,54,42,152,26,22,120,125,168,176,43,15,201,62,199,315,85,44,239,79,41,4,5,"203915,1610612751"
1626169,"Stanley Johnson",1610612761,"TOR",23.0,1,0,1,0.000000,5.0166666666666666,1,2,0.5,1,2,0.5,0,0,0.0,0,2,2,0,1,0,0,0,2,0,3,-1,4.4,0,0,197,231,127,231,313,272,301,98,135,202,46,216,230,216,207,241,256,267,187,201,145,1,93,277,282,176,312,41,4,5,"1626169,1610612761"
1629742,"Stanton Kidd",1610612762,"UTA",27.0,1,0,1,0.000000,4.65,0,1,0.0,0,0,0.0,0,0,0.0,0,0,0,1,0,0,0,1,1,0,0,7,1.5,0,0,197,231,127,231,317,307,316,307,209,285,209,216,230,216,207,313,320,204,270,201,145,199,49,277,317,87,328,41,4,5,"1629742,1610612762"
201939,"Stephen Curry",1610612744,"GSW",31.0,1,0,1,0.000000,29.8,8,20,0.4,2,11,0.182,5,5,1.0,1,3,4,4,8,1,0,1,3,3,23,-19,28.8,0,0,197,231,127,231,192,78,65,190,88,32,186,58,86,1,125,197,204,90,9,103,145,199,149,127,76,327,161,41,4,5,"201939,1610612744"
1628425,"Sterling Brown",1610612749,"MIL",24.0,1,1,0,1.000000,5.6833333333333336,1,3,0.333,0,1,0.0,0,0,0.0,0,2,2,0,0,0,0,0,2,0,2,1,4.4,0,0,197,40,1,1,311,272,287,222,209,244,209,216,230,216,207,241,256,267,270,201,145,1,93,277,300,152,312,41,4,5,"1628425,1610612749"
203500,"Steven Adams",1610612760,"OKC",26.0,2,0,2,0.000000,56.866666666666667,4,17,0.235,0,0,0.0,2,8,0.25,7,18,25,2,3,2,1,3,5,4,10,-3,49.0,0,0,1,231,297,231,70,169,82,282,209,285,209,130,51,213,4,7,7,152,88,46,62,327,229,101,191,199,70,41,4,5,"203500,1610612760"
204456,"T.J. McConnell",1610612754,"IND",27.0,1,0,1,0.000000,13.416666666666666,2,4,0.5,0,0,0.0,0,0,0.0,0,3,3,3,1,0,1,0,2,0,4,-2,14.1,0,0,197,231,127,231,292,232,271,98,209,285,209,216,230,216,207,197,230,113,187,201,62,1,93,277,269,192,263,41,4,5,"204456,1610612754"
203933,"T.J. Warren",1610612754,"IND",26.0,1,0,1,0.000000,33.533333333333331,5,12,0.417,0,2,0.0,0,2,0.0,1,0,1,0,1,0,1,0,3,2,10,4,13.2,0,0,197,231,127,231,169,146,147,183,209,202,209,216,154,216,125,313,288,267,187,201,62,1,149,166,191,115,270,41,4,5,"203933,1610612754"
1628388,"TJ Leaf",1610612754,"IND",22.0,1,0,1,0.000000,3.3666666666666667,0,1,0.0,0,0,0.0,0,0,0.0,0,1,1,0,0,0,0,1,0,1,0,0,1.2,0,0,197,231,127,231,332,307,316,307,209,285,209,216,230,216,207,275,288,267,270,201,145,199,1,220,317,160,331,41,4,5,"1628388,1610612754"
201959,"Taj Gibson",1610612752,"NYK",34.0,2,0,2,0.000000,28.9,2,7,0.286,0,1,0.0,0,0,0.0,3,5,8,2,3,1,0,0,4,0,4,-6,16.6,0,0,1,231,297,231,199,232,224,255,209,244,209,216,230,216,48,131,104,152,88,103,145,1,191,277,269,250,244,41,4,5,"201959,1610612752"
1627752,"Taurean Prince",1610612751,"BKN",25.0,2,1,1,0.500000,74.15,9,23,0.391,5,12,0.417,3,6,0.5,3,14,17,2,3,2,2,2,3,6,26,18,58.4,1,0,1,40,127,127,6,65,50,203,23,21,103,96,70,175,48,15,17,152,88,46,30,288,149,67,59,21,44,7,4,5,"1627752,1610612751"
1629611,"Terance Mann",1610612746,"LAC",23.0,1,1,0,1.000000,4.1,0,0,0.0,0,0,0.0,0,0,0.0,0,1,1,0,0,0,0,0,2,0,0,-3,1.2,0,0,197,40,1,1,324,307,332,307,209,285,209,216,230,216,207,275,288,267,270,201,145,1,93,277,317,199,331,41,4,5,"1629611,1610612746"
1629056,"Terence Davis",1610612761,"TOR",22.0,2,1,1,0.500000,24.016666666666666,3,10,0.3,2,6,0.333,0,0,0.0,2,5,7,2,0,2,0,1,5,1,8,1,25.4,0,0,1,40,127,127,231,203,181,250,88,103,128,216,230,216,82,131,125,152,270,46,145,199,229,220,217,152,184,41,4,5,"1629056,1610612761"
1628390,"Terrance Ferguson",1610612760,"OKC",21.0,2,0,2,0.000000,45.9,0,4,0.0,0,3,0.0,2,2,1.0,3,3,6,1,2,0,1,0,6,0,2,-8,11.7,0,0,1,231,297,231,113,307,271,307,209,179,209,130,154,1,48,197,153,204,130,201,62,1,273,277,300,271,277,41,4,5,"1628390,1610612760"
203082,"Terrence Ross",1610612753,"ORL",28.0,1,1,0,1.000000,19.466666666666665,4,13,0.308,2,7,0.286,0,0,0.0,0,4,4,0,1,2,0,0,1,0,10,17,19.8,0,0,197,40,1,1,257,169,136,247,88,84,154,216,230,216,207,168,204,267,187,46,145,1,49,277,191,26,224,41,4,5,"203082,1610612753"
1626179,"Terry Rozier",1610612766,"CHA",25.0,2,1,1,0.500000,48.02,6,16,0.375,3,7,0.429,3,3,1.0,1,4,5,16,6,1,0,2,6,3,18,-17,45.0,1,0,1,40,127,127,106,120,94,207,54,84,96,96,132,1,125,168,176,4,26,103,145,288,273,127,117,324,83,7,4,5,"1626179,1610612766"
200757,"Thabo Sefolosha",1610612745,"HOU",35.0,1,0,1,0.000000,10.408333333333333,0,1,0.0,0,1,0.0,0,0,0.0,1,4,5,0,0,0,0,0,0,0,0,-3,6.0,0,0,197,231,127,231,305,307,316,307,209,244,209,216,230,216,125,168,176,267,270,201,145,1,1,277,317,199,301,41,4,5,"200757,1610612745"
201152,"Thaddeus Young",1610612741,"CHI",31.0,2,1,1,0.500000,46.541666666666664,10,18,0.556,4,9,0.444,0,0,0.0,1,3,4,5,3,2,0,0,2,1,24,18,39.3,0,0,1,40,127,127,110,55,76,68,38,47,91,216,230,216,125,197,204,66,88,46,145,1,93,220,67,21,110,41,4,5,"201152,1610612741"
1628418,"Thomas Bryant",1610612764,"WAS",22.0,2,1,1,0.500000,62.198333333333331,13,25,0.52,3,9,0.333,6,6,1.0,8,14,22,5,5,2,3,1,0,4,35,-13,78.9,2,0,1,40,127,127,43,35,41,94,54,47,128,50,70,1,1,15,9,66,40,46,14,199,1,101,42,304,23,1,4,5,"1628418,1610612764"
1627748,"Thon Maker",1610612765,"DET",22.0,2,1,1,0.500000,35.243333333333332,1,5,0.2,0,4,0.0,3,4,0.75,2,5,7,1,1,0,3,0,3,5,5,-4,22.9,0,0,1,40,127,127,157,272,256,287,209,151,209,96,100,120,82,131,125,204,187,201,14,1,149,85,258,221,197,41,4,5,"1627748,1610612765"
204025,"Tim Frazier",1610612765,"DET",28.0,2,1,1,0.500000,11.283333333333333,2,6,0.333,1,4,0.25,2,2,1.0,0,0,0,1,0,0,0,0,3,1,7,-8,8.5,0,0,1,40,127,127,299,232,235,222,135,151,159,130,154,1,207,313,320,204,270,201,145,1,149,220,231,271,285,41,4,5,"204025,1610612765"
203501,"Tim Hardaway Jr.",1610612742,"DAL",27.0,2,2,0,1.000000,43.018333333333331,4,15,0.267,2,12,0.167,2,2,1.0,0,2,2,3,0,0,0,0,6,3,12,2,18.9,0,0,1,1,1,1,119,169,106,268,88,21,189,130,154,1,207,241,256,113,270,201,145,1,273,127,171,139,226,41,4,5,"203501,1610612742"
202699,"Tobias Harris",1610612755,"PHI",27.0,1,1,0,1.000000,37.616666666666667,6,11,0.545,2,5,0.4,1,2,0.5,1,14,15,4,4,2,0,1,3,2,15,16,41.0,1,0,197,40,1,1,140,120,164,74,88,128,107,182,154,175,125,15,25,90,55,46,145,199,149,166,143,29,103,7,4,5,"202699,1610612755"
203107,"Tomas Satoransky",1610612741,"CHI",27.0,2,1,1,0.500000,46.315,3,12,0.25,0,2,0.0,5,5,1.0,3,0,3,5,1,4,2,4,4,6,11,12,39.1,0,0,1,40,127,127,111,203,147,272,209,202,209,58,86,1,48,313,230,66,187,15,30,336,191,67,179,46,111,41,4,5,"203107,1610612741"
1628396,"Tony Bradley",1610612762,"UTA",21.0,1,0,1,0.000000,5.4666666666666668,1,1,1.0,0,0,0.0,0,0,0.0,0,2,2,0,0,0,0,0,0,0,2,8,4.4,0,0,197,231,127,231,312,272,316,1,209,285,209,216,230,216,207,241,256,267,270,201,145,1,1,277,300,78,312,41,4,5,"1628396,1610612762"
203503,"Tony Snell",1610612765,"DET",27.0,2,1,1,0.500000,65.483333333333334,7,15,0.467,5,11,0.455,0,0,0.0,1,3,4,4,1,0,1,0,6,3,19,-6,31.8,0,0,1,40,127,127,35,101,106,142,23,32,88,216,230,216,125,197,204,90,187,201,62,1,273,127,106,250,141,41,4,5,"203503,1610612765"
1628470,"Torrey Craig",1610612743,"DEN",28.0,2,2,0,1.000000,39.025,4,10,0.4,2,6,0.333,0,0,0.0,2,9,11,2,2,1,5,0,8,0,10,-11,42.2,0,0,1,1,1,1,134,169,181,190,88,103,128,216,230,216,82,52,63,152,130,103,3,1,315,277,191,290,98,41,4,5,"1628470,1610612743"
1629027,"Trae Young",1610612737,"ATL",21.0,1,1,0,1.000000,37.25,11,21,0.524,6,10,0.6,10,12,0.833,0,7,7,9,6,1,0,0,0,9,38,17,56.9,0,0,197,40,1,1,142,47,56,92,17,42,35,21,22,103,207,92,125,29,26,103,145,1,1,27,33,26,50,41,4,5,"1629027,1610612737"
1626203,"Treveon Graham",1610612750,"MIN",25.0,2,2,0,1.000000,57.556666666666665,8,21,0.381,2,6,0.333,3,3,1.0,3,5,8,4,1,1,0,4,3,4,21,-12,38.6,0,0,1,1,1,1,64,78,56,206,88,103,128,96,132,1,48,131,104,90,187,103,145,336,149,101,90,297,114,41,4,5,"1626203,1610612750"
2772,"Trevor Ariza",1610612758,"SAC",34.0,2,0,2,0.000000,42.43333333333333,2,9,0.222,1,5,0.2,2,2,1.0,1,3,4,2,2,1,0,1,3,2,7,-21,15.8,0,0,1,231,297,231,120,232,195,284,135,128,178,130,154,1,125,197,204,152,130,103,145,199,149,166,231,333,251,41,4,5,"2772,1610612758"
1626168,"Trey Lyles",1610612759,"SAS",23.0,1,1,0,1.000000,24.283333333333335,3,4,0.75,0,1,0.0,2,2,1.0,1,10,11,0,1,0,0,0,4,1,8,9,20.2,0,0,197,40,1,1,228,203,271,18,209,244,209,130,154,1,125,38,63,267,187,201,145,1,191,220,217,68,218,41,4,5,"1626168,1610612759"
202684,"Tristan Thompson",1610612739,"CLE",28.0,1,0,1,0.000000,33.25,8,11,0.727,0,0,0.0,0,0,0.0,2,9,11,1,1,0,1,0,2,3,16,0,32.7,1,0,197,231,127,231,174,78,164,25,209,285,209,216,230,216,82,52,63,204,187,201,62,1,93,127,137,160,138,7,4,5,"202684,1610612739"
203584,"Troy Daniels",1610612747,"LAL",28.0,2,1,1,0.500000,37.6,7,15,0.467,5,13,0.385,2,2,1.0,0,3,3,1,2,1,0,0,1,1,21,-4,27.1,0,0,1,40,127,127,141,101,106,142,23,18,119,130,154,1,207,197,230,204,130,103,145,1,49,220,90,221,176,41,4,5,"203584,1610612747"
1629639,"Tyler Herro",1610612748,"MIA",19.0,1,1,0,1.000000,33.9,6,14,0.429,1,2,0.5,1,1,1.0,0,8,8,1,1,2,0,2,2,2,14,10,30.1,0,0,197,40,1,1,168,120,124,168,135,202,46,182,211,1,207,69,104,204,187,46,145,288,93,166,150,59,154,41,4,5,"1629639,1610612748"
204020,"Tyler Johnson",1610612756,"PHX",27.0,2,1,1,0.500000,42.05833333333333,8,15,0.533,3,6,0.5,0,0,0.0,0,3,3,2,3,2,1,1,4,0,19,6,31.6,0,0,1,40,127,127,123,78,106,84,54,103,46,216,230,216,207,197,230,152,88,46,62,199,191,277,106,98,145,41,4,5,"204020,1610612756"
2199,"Tyson Chandler",1610612745,"HOU",37.0,1,0,1,0.000000,10.516666666666667,5,6,0.833,0,0,0.0,0,1,0.0,1,4,5,0,0,0,0,1,3,1,10,-1,16.0,0,0,197,231,127,231,303,146,235,15,209,285,209,216,211,216,125,168,176,267,270,201,145,199,149,220,191,176,248,41,4,5,"2199,1610612745"
1626145,"Tyus Jones",1610612763,"MEM",23.0,2,0,2,0.000000,43.716666666666669,7,17,0.412,0,4,0.0,5,7,0.714,0,4,4,10,4,2,0,1,5,6,19,0,40.8,0,0,1,231,297,231,117,101,82,187,209,151,209,58,59,141,207,168,204,24,55,46,145,199,229,67,106,160,104,41,4,5,"1626145,1610612763"
1713,"Vince Carter",1610612737,"ATL",42.0,1,1,0,1.000000,10.233333333333333,0,2,0.0,0,2,0.0,0,0,0.0,0,0,0,1,1,0,0,0,1,0,0,10,0.5,0,0,197,40,1,1,306,307,301,307,209,202,209,216,230,216,207,313,320,204,187,201,145,1,49,277,317,59,338,41,4,5,"1713,1610612737"
201961,"Wayne Ellington",1610612752,"NYK",31.0,2,0,2,0.000000,24.171666666666667,4,8,0.5,4,8,0.5,0,0,0.0,0,3,3,1,4,0,1,0,1,0,12,-8,16.1,0,0,1,231,297,231,229,169,212,98,38,60,46,216,230,216,207,197,230,204,55,201,62,1,49,277,171,271,247,41,4,5,"201961,1610612752"
1628976,"Wendell Carter Jr.",1610612741,"CHI",20.0,2,1,1,0.500000,56.07,7,15,0.467,0,1,0.0,5,6,0.833,7,9,16,0,2,2,2,1,10,6,19,18,48.2,0,0,1,40,127,127,73,101,106,142,209,244,209,58,70,103,4,52,21,267,130,46,30,199,346,67,106,21,74,41,4,5,"1628976,1610612741"
1629117,"Wenyen Gabriel",1610612758,"SAC",22.0,2,0,2,0.000000,4.55,0,1,0.0,0,1,0.0,1,2,0.5,1,0,1,0,2,1,0,0,1,1,1,7,3.2,0,0,1,231,297,231,319,307,316,307,209,244,209,182,154,175,125,313,288,267,130,103,145,1,49,220,313,87,319,41,4,5,"1629117,1610612758"
202083,"Wesley Matthews",1610612749,"MIL",33.0,1,1,0,1.000000,30.381666666666668,6,12,0.5,2,8,0.25,0,0,0.0,0,4,4,1,1,2,1,1,0,2,14,4,28.3,0,0,197,40,1,1,187,120,147,98,88,60,159,216,230,216,207,168,204,204,187,46,62,199,1,166,150,115,163,41,4,5,"202083,1610612749"
203115,"Will Barton",1610612743,"DEN",28.0,2,2,0,1.000000,52.096666666666664,4,14,0.286,3,7,0.429,13,14,0.929,1,5,6,2,1,3,4,0,1,10,24,15,54.2,0,0,1,1,1,1,88,169,124,255,54,84,96,8,12,87,125,131,153,152,187,25,9,1,49,21,67,33,59,41,4,5,"203115,1610612743"
1626195,"Willy Hernangomez",1610612766,"CHA",25.0,1,0,1,0.000000,19.688333333333333,3,6,0.5,0,0,0.0,0,0,0.0,4,2,6,0,1,1,1,0,1,0,6,-7,18.2,0,0,197,231,127,231,255,203,235,98,209,285,209,216,230,216,26,241,153,267,187,103,62,1,49,277,245,264,230,41,4,5,"1626195,1610612766"
1627812,"Yogi Ferrell",1610612758,"SAC",26.0,2,0,2,0.000000,6.55,2,3,0.667,1,2,0.5,0,0,0.0,0,1,1,2,0,1,0,0,0,0,5,1,12.2,0,0,1,231,297,231,309,232,287,32,135,202,46,216,230,216,207,275,288,152,270,103,145,1,1,277,258,152,275,41,4,5,"1627812,1610612758"
1628380,"Zach Collins",1610612757,"POR",21.0,2,1,1,0.500000,62.365,6,14,0.429,1,4,0.25,4,4,1.0,4,5,9,5,4,0,2,0,7,10,17,9,37.3,0,0,1,40,127,127,42,120,124,168,135,151,159,77,100,1,26,131,86,66,55,201,30,1,292,21,126,68,119,41,4,5,"1628380,1610612757"
203897,"Zach LaVine",1610612741,"CHI",24.0,2,1,1,0.500000,63.366666666666667,20,40,0.5,5,12,0.417,8,11,0.727,4,8,12,11,7,5,2,4,7,8,53,4,97.9,0,0,1,40,127,127,39,7,7,98,23,21,103,34,28,138,26,69,51,19,15,7,30,336,292,42,8,115,10,41,4,5,"203897,1610612741"
1629668,"Zach Norvell Jr.",1610612747,"LAL",21.0,1,1,0,1.000000,2.5166666666666666,0,1,0.0,0,0,0.0,0,0,0.0,0,1,1,0,0,0,0,0,0,0,0,-6,1.2,0,0,197,40,1,1,337,307,316,307,209,285,209,216,230,216,207,275,288,267,270,201,145,1,1,277,317,250,331,41,4,5,"1629668,1610612747"
