"PLAYER_ID","PLAYER_NAME","TEAM_ID","TEAM_ABBREVIATION","AGE","GP","W","L","W_PCT","MIN","USG_PCT","PCT_FGM","PCT_FGA","PCT_FG3M","PCT_FG3A","PCT_FTM","PCT_FTA","PCT_OREB","PCT_DREB","PCT_REB","PCT_AST","PCT_TOV","PCT_STL","PCT_BLK","PCT_BLKA","PCT_PF","PCT_PFD","PCT_PTS","GP_RANK","W_RANK","L_RANK","W_PCT_RANK","MIN_RANK","USG_PCT_RANK","PCT_FGM_RANK","PCT_FGA_RANK","PCT_FG3M_RANK","PCT_FG3A_RANK","PCT_FTM_RANK","PCT_FTA_RANK","PCT_OREB_RANK","PCT_DREB_RANK","PCT_REB_RANK","PCT_AST_RANK","PCT_TOV_RANK","PCT_STL_RANK","PCT_BLK_RANK","PCT_BLKA_RANK","PCT_PF_RANK","PCT_PFD_RANK","PCT_PTS_RANK","CFID","CFPARAMS"
1627846,"Abdel Nader",1610612760,"OKC",26.0,1,0,1,0.000000,12.0,0.156,0.167,0.182,0.0,0.333,0.0,0.0,0.0,0.111,0.1,0.0,0.143,0.0,0.0,0.0,0.143,0.0,0.125,230,231,115,231,299,213,197,177,215,40,222,235,213,258,274,271,149,210,153,1,106,280,244,5,"1627846,1610612760"
1629678,"Admiral Schofield",1610612764,"WAS",22.0,2,1,1,0.500000,26.0,0.088,0.133,0.111,0.125,0.143,0.25,0.222,0.667,0.136,0.2,0.083,0.0,0.0,0.0,0.0,0.067,0.091,0.152,10,61,115,115,232,325,234,292,179,209,97,120,14,231,150,228,1,210,153,1,53,234,210,5,"1629678,1610612764"
201143,"Al Horford",1610612755,"PHI",33.0,2,2,0,1.000000,65.0,0.231,0.25,0.272,0.2,0.295,0.296,0.282,0.143,0.182,0.177,0.205,0.038,0.125,0.0,0.167,0.231,0.205,0.253,10,1,1,1,46,88,88,58,133,69,77,84,164,169,175,120,74,177,153,205,216,133,88,5,"201143,1610612755"
202329,"Al-Farouq Aminu",1610612753,"ORL",29.0,1,1,0,1.000000,29.0,0.113,0.045,0.093,0.2,0.111,0.25,0.333,0.333,0.172,0.2,0.0,0.125,0.167,0.0,0.0,0.222,0.222,0.088,230,61,1,1,212,292,308,312,133,235,97,62,77,183,150,271,134,145,153,1,203,115,290,5,"202329,1610612753"
1627936,"Alex Caruso",1610612747,"LAL",25.0,1,1,0,1.000000,20.0,0.116,0.071,0.091,0.0,0.0,0.0,0.0,0.0,0.0,0.0,0.0,0.5,0.143,0.0,0.0,0.083,0.111,0.051,230,61,1,1,262,286,293,314,215,289,222,235,213,318,325,271,329,162,153,1,61,220,314,5,"1627936,1610612747"
203458,"Alex Len",1610612737,"ATL",26.0,1,1,0,1.000000,24.0,0.123,0.063,0.125,0.0,0.118,0.222,0.167,0.4,0.19,0.231,0.125,0.1,0.5,0.5,1.0,0.286,0.182,0.089,230,61,1,1,248,278,300,276,215,230,118,153,64,158,121,190,111,14,35,338,269,163,289,5,"203458,1610612737"
1629019,"Allonzo Trier",1610612752,"NYK",23.0,2,0,2,0.000000,30.0,0.244,0.24,0.189,0.3,0.294,0.636,0.579,0.0,0.158,0.12,0.222,0.333,0.125,0.5,0.25,0.294,0.462,0.31,10,231,288,231,203,75,106,163,86,70,9,8,213,199,249,108,295,177,35,242,286,14,37,5,"1629019,1610612752"
203083,"Andre Drummond",1610612765,"DET",26.0,3,1,2,0.333000,102.0,0.246,0.316,0.234,0.0,0.017,0.348,0.394,0.579,0.48,0.5,0.114,0.2,0.467,0.583,0.6,0.275,0.353,0.295,1,61,288,222,1,73,38,93,215,288,53,41,25,12,12,206,201,35,33,326,264,34,49,5,"203083,1610612765"
203952,"Andrew Wiggins",1610612750,"MIN",24.0,2,2,0,1.000000,69.0,0.251,0.258,0.286,0.0,0.137,0.185,0.194,0.389,0.094,0.169,0.061,0.105,0.1,0.167,0.545,0.152,0.189,0.224,10,1,1,1,36,67,84,46,215,216,134,141,71,271,181,248,119,193,122,323,123,157,119,5,"203952,1610612750"
1629014,"Anfernee Simons",1610612757,"POR",20.0,2,1,1,0.500000,33.0,0.269,0.286,0.267,0.5,0.471,0.1,0.154,0.0,0.087,0.069,0.0,0.364,0.6,0.0,0.0,0.188,0.25,0.278,10,61,115,115,187,53,60,63,17,9,187,165,213,280,301,271,312,11,153,1,162,94,63,5,"1629014,1610612757"
203076,"Anthony Davis",1610612747,"LAL",26.0,2,1,1,0.500000,70.0,0.329,0.283,0.311,0.0,0.103,0.667,0.677,0.25,0.25,0.25,0.233,0.273,0.231,0.538,0.25,0.2,0.471,0.319,10,61,115,115,32,14,67,32,215,242,5,5,102,104,102,104,265,117,34,242,175,13,33,5,"203076,1610612747"
201229,"Anthony Tolliver",1610612757,"POR",34.0,2,1,1,0.500000,24.0,0.078,0.0,0.085,0.0,0.308,0.0,0.0,0.0,0.105,0.087,0.143,0.111,0.0,0.0,0.0,0.143,0.0,0.0,10,61,115,115,242,329,312,317,215,58,222,235,213,264,282,173,123,210,153,1,106,280,321,5,"201229,1610612757"
203382,"Aron Baynes",1610612756,"PHX",32.0,2,1,1,0.500000,39.0,0.183,0.242,0.186,0.2,0.167,0.105,0.095,0.364,0.167,0.22,0.182,0.25,0.2,0.0,0.286,0.333,0.167,0.211,10,61,115,115,154,154,105,169,133,185,182,202,76,186,138,139,243,127,153,258,299,173,137,5,"203382,1610612756"
203085,"Austin Rivers",1610612745,"HOU",27.0,1,0,1,0.000000,12.0,0.167,0.0,0.136,0.0,0.3,0.429,0.4,0.0,0.133,0.118,0.0,0.0,0.0,0.0,0.0,0.222,0.333,0.12,230,231,115,231,297,183,312,260,215,63,35,38,213,233,252,271,1,210,153,1,203,40,255,5,"203085,1610612745"
202340,"Avery Bradley",1610612747,"LAL",28.0,2,1,1,0.500000,50.0,0.148,0.171,0.174,0.3,0.29,0.154,0.125,0.0,0.25,0.2,0.0,0.095,0.167,0.091,0.0,0.261,0.045,0.183,10,61,115,115,116,234,194,188,86,73,157,184,213,104,150,271,108,145,151,1,254,275,172,5,"202340,1610612747"
1628389,"Bam Adebayo",1610612748,"MIA",22.0,2,2,0,1.000000,63.0,0.217,0.16,0.14,0.0,0.026,0.472,0.431,0.429,0.346,0.364,0.344,0.348,0.111,0.25,0.429,0.128,0.349,0.221,10,1,1,1,54,106,203,250,215,287,28,30,58,42,43,55,309,187,80,300,99,35,126,5,"1628389,1610612748"
203463,"Ben McLemore",1610612745,"HOU",26.0,1,0,1,0.000000,15.0,0.135,0.182,0.161,0.286,0.263,0.0,0.0,0.0,0.0,0.0,0.1,0.0,0.0,0.0,0.0,0.0,0.222,0.171,230,231,115,231,286,260,175,212,95,92,222,235,213,318,325,213,1,210,153,1,1,115,189,5,"203463,1610612745"
1627732,"Ben Simmons",1610612755,"PHI",23.0,2,2,0,1.000000,70.0,0.244,0.276,0.244,0.0,0.0,0.147,0.24,0.25,0.161,0.171,0.475,0.265,0.368,0.0,0.286,0.17,0.217,0.226,10,1,1,1,30,74,69,87,215,289,161,104,102,197,179,21,263,57,153,258,147,120,114,5,"1627732,1610612755"
202687,"Bismack Biyombo",1610612766,"CHA",27.0,1,0,1,0.000000,18.0,0.186,0.176,0.138,0.0,0.0,0.25,0.429,0.5,0.25,0.286,0.154,0.167,0.0,0.5,0.5,0.308,0.375,0.167,230,231,115,231,275,148,183,258,215,289,97,31,34,104,83,166,170,210,35,301,289,32,195,5,"202687,1610612766"
1626171,"Bobby Portis",1610612752,"NYK",24.0,2,0,2,0.000000,43.0,0.138,0.125,0.152,0.0,0.125,0.0,0.037,0.4,0.25,0.273,0.238,0.2,0.214,0.0,0.0,0.2,0.19,0.093,10,231,288,231,137,255,239,233,215,223,222,229,64,104,91,103,201,125,153,1,175,156,286,5,"1626171,1610612752"
203992,"Bogdan Bogdanovic",1610612758,"SAC",27.0,2,0,2,0.000000,51.0,0.195,0.194,0.244,0.308,0.265,0.069,0.075,0.0,0.107,0.077,0.278,0.143,0.333,0.0,0.286,0.179,0.182,0.173,10,231,288,231,110,133,163,86,83,91,209,215,213,263,294,86,149,61,153,258,154,163,188,5,"203992,1610612758"
202711,"Bojan Bogdanovic",1610612762,"UTA",30.0,1,1,0,1.000000,24.0,0.283,0.316,0.333,0.5,0.455,0.5,0.375,0.0,0.2,0.167,0.0,0.0,1.0,0.0,0.0,0.154,0.25,0.348,230,61,1,1,247,42,39,17,17,11,19,47,213,147,182,271,1,1,153,1,124,94,19,5,"202711,1610612762"
202954,"Brad Wanamaker",1610612738,"BOS",30.0,2,1,1,0.500000,15.0,0.163,0.077,0.139,0.0,0.1,0.333,0.25,0.2,0.182,0.188,0.167,0.333,0.167,0.5,0.0,0.4,0.111,0.114,10,61,115,115,284,198,291,253,215,243,56,92,124,169,161,149,295,145,35,1,320,220,265,5,"202954,1610612738"
203078,"Bradley Beal",1610612764,"WAS",26.0,2,1,1,0.500000,66.0,0.323,0.25,0.343,0.333,0.431,0.267,0.368,0.0,0.235,0.179,0.364,0.294,0.308,0.2,0.0,0.226,0.536,0.259,10,61,115,115,42,16,88,13,61,16,94,50,213,123,173,52,284,86,108,1,212,5,83,5,"203078,1610612764"
1629634,"Brandon Clarke",1610612763,"MEM",23.0,2,0,2,0.000000,48.0,0.119,0.213,0.155,0.1,0.059,0.059,0.04,0.25,0.281,0.273,0.071,0.0,0.111,0.8,0.167,0.154,0.071,0.182,10,231,288,231,122,284,134,227,192,276,213,228,102,90,91,239,1,187,16,205,124,256,173,5,"1629634,1610612763"
1627742,"Brandon Ingram",1610612740,"NOP",22.0,2,0,2,0.000000,67.0,0.281,0.31,0.307,0.316,0.24,0.313,0.227,0.154,0.234,0.217,0.195,0.208,0.2,0.625,0.167,0.206,0.292,0.311,10,231,288,231,40,44,42,37,80,119,70,116,159,127,140,131,215,127,24,205,190,66,36,5,"1627742,1610612740"
201572,"Brook Lopez",1610612749,"MIL",31.0,2,1,1,0.500000,62.0,0.161,0.12,0.158,0.125,0.175,0.286,0.229,0.0,0.17,0.158,0.118,0.111,0.0,0.6,0.143,0.083,0.194,0.151,10,61,115,115,62,203,243,221,179,178,81,115,213,185,194,200,123,210,27,202,61,153,211,5,"201572,1610612749"
1628971,"Bruce Brown",1610612765,"DET",23.0,3,1,2,0.333000,62.0,0.159,0.111,0.14,0.0,0.088,0.08,0.129,0.111,0.13,0.127,0.133,0.304,0.111,0.0,0.25,0.323,0.077,0.094,1,61,288,222,58,207,251,251,215,258,204,181,180,238,233,180,288,187,153,242,298,251,283,5,"1628971,1610612765"
203998,"Bruno Caboclo",1610612763,"MEM",24.0,1,0,1,0.000000,5.0,0.313,0.333,0.364,0.0,0.167,0.0,0.0,0.5,0.667,0.6,0.0,0.5,0.0,1.0,1.0,0.0,0.0,0.25,230,231,115,231,320,19,28,9,215,185,222,235,34,2,4,271,329,210,1,338,1,280,92,5,"203998,1610612763"
1628981,"Bruno Fernando",1610612737,"ATL",21.0,1,1,0,1.000000,14.0,0.194,0.176,0.214,0.143,0.1,0.0,0.0,0.5,0.333,0.375,0.182,0.0,0.0,0.0,0.667,0.4,0.5,0.167,230,61,1,1,290,138,183,122,163,243,222,235,34,46,38,139,1,210,153,333,320,6,195,5,"1628981,1610612737"
1627854,"Bryn Forbes",1610612759,"SAS",26.0,1,1,0,1.000000,33.0,0.16,0.269,0.235,0.6,0.545,0.143,0.111,0.0,0.167,0.139,0.071,0.0,0.0,0.0,0.0,0.133,0.095,0.256,230,61,1,1,195,205,76,90,12,3,163,194,213,186,219,239,1,210,153,1,101,230,85,5,"1627854,1610612759"
1627741,"Buddy Hield",1610612758,"SAC",26.0,2,0,2,0.000000,63.0,0.284,0.321,0.322,0.588,0.548,0.217,0.172,0.188,0.146,0.156,0.136,0.258,0.0,0.0,0.4,0.143,0.148,0.336,10,231,288,231,53,41,36,24,13,2,121,152,137,216,198,179,260,210,153,291,106,185,24,5,"1627741,1610612758"
203468,"CJ McCollum",1610612757,"POR",28.0,2,1,1,0.500000,70.0,0.257,0.22,0.283,0.214,0.178,0.087,0.08,0.133,0.06,0.077,0.222,0.233,0.2,0.0,1.0,0.119,0.143,0.2,10,61,115,115,33,64,124,48,128,176,196,209,172,305,294,108,236,127,153,338,89,188,143,5,"203468,1610612757"
1628997,"Caleb Martin",1610612766,"CHA",24.0,1,0,1,0.000000,18.0,0.2,0.182,0.25,0.0,0.25,0.0,0.125,0.0,0.133,0.105,0.375,0.111,0.25,0.5,0.0,0.25,0.143,0.143,230,231,115,231,274,125,175,75,215,97,222,184,213,233,269,50,123,103,35,1,232,188,220,5,"1628997,1610612766"
1628403,"Caleb Swanigan",1610612758,"SAC",22.0,2,0,2,0.000000,5.0,0.167,0.0,0.0,0.0,0.0,0.333,0.333,0.5,0.333,0.4,0.0,0.333,0.333,1.0,0.0,0.5,0.333,0.083,10,231,288,231,323,183,312,335,215,289,56,62,34,46,25,271,295,61,1,1,336,40,298,5,"1628403,1610612758"
1629629,"Cameron Reddish",1610612737,"ATL",20.0,1,1,0,1.000000,21.0,0.137,0.0,0.15,0.0,0.313,0.143,0.222,0.2,0.333,0.304,0.1,0.0,0.25,0.0,0.0,0.5,0.231,0.023,230,61,1,1,260,256,312,234,215,56,163,120,124,46,74,213,1,103,153,1,336,109,319,5,"1629629,1610612737"
1627747,"Caris LeVert",1610612751,"BKN",25.0,2,1,1,0.500000,62.0,0.272,0.224,0.23,0.095,0.174,0.16,0.211,0.0,0.163,0.127,0.276,0.611,0.417,0.0,0.2,0.267,0.176,0.198,10,61,115,115,61,51,120,101,195,179,153,129,213,194,233,88,341,41,153,221,258,167,152,5,"1627747,1610612751"
1629035,"Carsen Edwards",1610612738,"BOS",21.0,1,0,1,0.000000,11.0,0.172,0.111,0.227,0.25,0.3,0.0,0.0,0.333,0.0,0.125,0.0,0.0,0.0,0.0,0.0,0.0,0.0,0.12,230,231,115,231,302,176,251,102,107,63,222,235,77,318,236,271,1,210,153,1,1,280,255,5,"1629035,1610612738"
1626224,"Cedi Osman",1610612739,"CLE",24.0,1,0,1,0.000000,29.0,0.157,0.217,0.173,0.375,0.353,0.0,0.0,0.0,0.111,0.086,0.133,0.182,0.667,0.0,0.333,0.111,0.071,0.206,230,231,115,231,215,210,128,191,49,37,222,235,213,258,286,180,188,8,153,271,78,256,138,5,"1626224,1610612739"
1627767,"Cheick Diallo",1610612756,"PHX",23.0,2,1,1,0.500000,4.0,0.167,0.0,0.0,0.0,0.0,1.0,1.0,0.0,0.0,0.0,0.0,1.0,0.0,0.0,0.0,0.667,0.5,0.2,10,61,115,115,327,183,312,335,215,289,1,1,213,318,325,271,348,210,153,1,347,6,143,5,"1627767,1610612756"
1629185,"Chris Chiozza",1610612764,"WAS",23.0,2,1,1,0.500000,35.0,0.138,0.091,0.143,0.167,0.111,0.0,0.0,0.0,0.143,0.125,0.467,0.167,0.5,0.5,0.5,0.231,0.133,0.094,10,61,115,115,180,254,277,245,151,235,222,235,213,219,236,24,170,14,35,301,216,197,283,5,"1629185,1610612764"
101108,"Chris Paul",1610612760,"OKC",34.0,2,0,2,0.000000,60.0,0.231,0.238,0.231,0.333,0.243,0.167,0.206,0.091,0.176,0.161,0.412,0.286,0.1,0.0,0.0,0.2,0.258,0.233,10,231,288,231,70,89,108,98,61,115,142,133,193,175,190,36,273,193,153,1,175,91,109,5,"101108,1610612760"
1629735,"Chris Silva",1610612748,"MIA",23.0,2,2,0,1.000000,12.0,0.188,0.2,0.13,0.0,0.0,0.5,0.5,1.0,0.2,0.333,0.0,0.333,0.0,0.75,0.0,0.455,0.25,0.222,10,1,1,1,301,144,146,268,215,289,19,14,1,147,55,271,295,210,18,1,334,94,122,5,"1629735,1610612748"
1626174,"Christian Wood",1610612765,"DET",24.0,2,1,1,0.500000,23.0,0.182,0.182,0.171,0.5,0.5,0.143,0.182,0.667,0.25,0.333,0.0,0.222,0.0,0.0,0.0,0.125,0.286,0.183,10,61,115,115,254,156,175,193,17,4,163,143,14,104,55,271,226,210,153,1,91,68,169,5,"1626174,1610612765"
203991,"Clint Capela",1610612745,"HOU",25.0,1,0,1,0.000000,31.0,0.167,0.25,0.185,0.0,0.0,0.188,0.261,0.0,0.387,0.324,0.0,0.0,0.2,0.6,0.571,0.222,0.2,0.188,230,231,115,231,202,183,88,171,215,289,133,90,213,27,64,271,1,127,27,324,203,135,160,5,"203991,1610612745"
1629632,"Coby White",1610612741,"CHI",19.0,2,1,1,0.500000,57.0,0.229,0.271,0.246,0.313,0.279,0.227,0.233,0.0,0.25,0.188,0.346,0.1,0.0,0.0,0.0,0.136,0.2,0.269,10,61,115,115,83,93,75,85,81,81,116,113,213,104,161,54,111,210,153,1,104,135,68,5,"1629632,1610612741"
1628998,"Cody Martin",1610612766,"CHA",24.0,1,0,1,0.000000,17.0,0.111,0.091,0.125,0.0,0.222,0.5,0.25,0.0,0.333,0.235,0.125,0.0,0.5,0.0,0.0,0.143,0.222,0.143,230,231,115,231,276,293,277,276,215,134,19,92,213,46,118,190,1,14,153,1,106,115,220,5,"1628998,1610612766"
203469,"Cody Zeller",1610612766,"CHA",27.0,1,1,0,1.000000,35.0,0.165,0.188,0.169,0.0,0.071,0.273,0.286,0.571,0.32,0.375,0.059,0.071,0.0,0.0,0.0,0.308,0.294,0.169,230,61,1,1,178,194,168,198,215,270,90,80,26,70,38,250,93,210,153,1,289,62,193,5,"203469,1610612766"
1629012,"Collin Sexton",1610612739,"CLE",20.0,1,0,1,0.000000,30.0,0.286,0.217,0.283,0.375,0.364,0.5,0.5,0.167,0.036,0.059,0.133,0.273,0.0,0.0,1.0,0.143,0.25,0.267,230,231,115,231,206,36,128,50,49,32,19,14,148,315,308,180,265,210,153,338,106,94,73,5,"1629012,1610612739"
202709,"Cory Joseph",1610612758,"SAC",28.0,2,0,2,0.000000,35.0,0.176,0.174,0.155,0.111,0.143,0.286,0.25,0.25,0.15,0.179,0.429,0.214,0.2,0.333,0.0,0.217,0.318,0.197,10,231,288,231,175,167,190,226,187,209,81,92,102,211,174,32,220,127,67,1,200,48,153,5,"202709,1610612758"
201584,"Courtney Lee",1610612742,"DAL",34.0,2,2,0,1.000000,22.0,0.143,0.176,0.189,0.0,0.2,0.0,0.0,0.0,0.067,0.059,0.0,0.0,0.0,0.0,0.0,0.25,0.0,0.128,10,1,1,1,258,241,183,159,215,152,222,235,213,298,308,271,1,210,153,1,232,280,240,5,"201584,1610612742"
1626156,"D'Angelo Russell",1610612744,"GSW",23.0,1,0,1,0.000000,33.0,0.224,0.231,0.254,0.444,0.296,0.235,0.235,0.0,0.0,0.0,0.444,0.1,0.0,0.0,0.333,0.118,0.286,0.256,230,231,115,231,189,98,113,70,31,67,108,107,213,318,325,30,111,210,153,271,87,68,85,5,"1626156,1610612744"
201571,"D.J. Augustin",1610612753,"ORL",31.0,1,1,0,1.000000,25.0,0.153,0.19,0.191,0.167,0.125,0.0,0.0,0.0,0.158,0.13,0.294,0.0,0.0,0.0,1.0,0.0,0.0,0.167,230,61,1,1,241,227,165,156,151,223,222,235,213,199,232,79,1,210,153,338,1,280,195,5,"201571,1610612753"
203081,"Damian Lillard",1610612757,"POR",29.0,2,1,1,0.500000,72.0,0.313,0.344,0.311,0.429,0.354,0.459,0.439,0.071,0.14,0.127,0.448,0.24,0.308,0.0,0.0,0.206,0.231,0.374,10,61,115,115,22,19,26,34,34,36,31,28,207,227,235,29,239,86,153,1,190,109,12,5,"203081,1610612757"
1627814,"Damion Lee",1610612744,"GSW",27.0,1,0,1,0.000000,4.0,0.071,0.0,0.0,0.0,0.0,0.6,0.5,0.0,0.333,0.25,0.333,0.0,0.0,0.0,0.0,0.0,0.5,0.25,230,231,115,231,325,330,312,335,215,289,11,14,213,46,102,57,1,210,153,1,1,6,92,5,"1627814,1610612744"
1628464,"Daniel Theis",1610612738,"BOS",27.0,2,1,1,0.500000,25.0,0.164,0.0,0.145,0.0,0.1,0.364,0.462,0.4,0.2,0.28,0.111,0.0,0.0,1.0,0.4,0.5,0.316,0.077,10,61,115,115,240,196,312,240,215,243,46,24,64,147,88,207,1,210,1,291,336,49,301,5,"1628464,1610612738"
201568,"Danilo Gallinari",1610612760,"OKC",31.0,2,0,2,0.000000,58.0,0.218,0.289,0.232,0.333,0.296,0.321,0.237,0.0,0.24,0.207,0.2,0.125,0.25,0.0,0.2,0.13,0.306,0.3,10,231,288,231,79,104,58,96,61,67,62,106,213,117,146,121,134,103,153,221,100,55,43,5,"201568,1610612760"
201980,"Danny Green",1610612747,"LAL",32.0,2,1,1,0.500000,61.0,0.167,0.26,0.198,0.75,0.424,0.1,0.125,0.25,0.19,0.204,0.036,0.056,0.455,0.167,0.0,0.259,0.207,0.28,10,61,115,115,67,183,83,143,8,17,187,184,102,158,149,265,80,37,122,1,252,129,61,5,"201980,1610612747"
1627863,"Danuel House Jr.",1610612745,"HOU",26.0,1,0,1,0.000000,26.0,0.116,0.111,0.136,0.182,0.174,0.1,0.08,0.0,0.077,0.063,0.231,0.091,0.25,0.25,0.0,0.154,0.063,0.119,230,231,115,231,233,288,251,260,147,179,187,209,213,287,306,105,102,103,80,1,124,266,257,5,"1627863,1610612745"
203967,"Dario Saric",1610612756,"PHX",25.0,2,1,1,0.500000,53.0,0.156,0.109,0.176,0.167,0.219,0.125,0.118,0.182,0.238,0.226,0.065,0.053,0.083,0.25,0.2,0.115,0.048,0.114,10,61,115,115,104,213,257,186,151,137,173,190,139,120,126,246,79,201,80,221,85,273,267,5,"203967,1610612756"
1629647,"Darius Bazley",1610612760,"OKC",19.0,2,0,2,0.000000,34.0,0.094,0.105,0.098,0.0,0.053,0.167,0.167,0.0,0.161,0.135,0.0,0.056,0.25,0.333,0.167,0.133,0.133,0.109,10,231,288,231,183,316,260,306,215,280,142,153,213,197,224,271,80,103,67,205,101,197,273,5,"1629647,1610612760"
1629636,"Darius Garland",1610612739,"CLE",19.0,1,0,1,0.000000,32.0,0.164,0.13,0.161,0.25,0.174,0.0,0.0,0.167,0.032,0.054,0.333,0.273,0.333,0.0,0.0,0.0,0.083,0.133,230,231,115,231,198,195,236,216,107,179,222,235,148,316,312,57,265,61,153,1,1,244,234,5,"1629636,1610612739"
1629133,"Daryl Macon",1610612748,"MIA",23.0,1,1,0,1.000000,1.0,0.0,0.0,0.0,0.0,0.0,0.0,0.0,0.0,0.0,0.0,0.0,0.0,0.0,0.0,0.0,0.0,0.0,0.0,230,61,1,1,344,341,312,335,215,289,222,235,213,318,325,271,1,210,153,1,1,280,321,5,"1629133,1610612748"
1628021,"David Nwaba",1610612751,"BKN",26.0,2,1,1,0.500000,27.0,0.071,0.105,0.049,0.143,0.077,0.091,0.2,0.0,0.217,0.172,0.125,0.056,0.0,0.5,0.0,0.087,0.125,0.107,10,61,115,115,227,330,260,332,163,265,193,135,213,137,178,190,80,210,35,1,65,204,275,5,"1628021,1610612751"
202722,"Davis Bertans",1610612764,"WAS",26.0,2,1,1,0.500000,56.0,0.163,0.179,0.187,0.333,0.288,0.067,0.059,0.0,0.152,0.132,0.087,0.13,0.222,0.0,0.0,0.205,0.08,0.185,10,61,115,115,90,197,181,166,61,75,210,223,213,207,230,225,143,118,153,1,188,250,168,5,"202722,1610612764"
1628368,"De'Aaron Fox",1610612758,"SAC",21.0,2,0,2,0.000000,61.0,0.259,0.213,0.216,0.176,0.13,0.591,0.6,0.0,0.163,0.117,0.526,0.286,0.0,0.0,0.0,0.267,0.5,0.271,10,231,288,231,66,62,134,119,149,221,13,7,213,194,258,14,273,210,153,1,258,6,66,5,"1628368,1610612758"
1629631,"De'Andre Hunter",1610612737,"ATL",21.0,1,1,0,1.000000,25.0,0.177,0.227,0.174,0.5,0.167,0.143,0.133,0.0,0.091,0.074,0.0,0.222,0.0,0.0,0.0,0.0,0.077,0.226,230,61,1,1,237,164,117,189,17,185,163,180,213,274,297,271,226,210,153,1,1,251,113,5,"1629631,1610612737"
1629001,"De'Anthony Melton",1610612763,"MEM",21.0,1,0,1,0.000000,3.0,0.111,0.0,0.0,0.0,0.0,0.0,1.0,0.0,0.0,0.0,1.0,0.0,0.5,0.0,0.0,0.0,1.0,0.0,230,231,115,231,336,293,312,335,215,289,222,1,213,318,325,1,1,14,153,1,1,1,321,5,"1629001,1610612763"
201599,"DeAndre Jordan",1610612751,"BKN",31.0,2,1,1,0.500000,39.0,0.125,0.094,0.091,0.0,0.0,0.2,0.231,0.556,0.333,0.389,0.143,0.174,0.167,0.0,0.333,0.258,0.348,0.1,10,61,115,115,152,275,274,314,215,289,126,114,30,46,31,173,182,145,153,271,251,37,278,5,"201599,1610612751"
1627761,"DeAndre' Bembry",1610612737,"ATL",25.0,1,1,0,1.000000,24.0,0.091,0.167,0.116,0.0,0.083,0.0,0.0,0.5,0.071,0.125,0.167,0.0,0.4,0.0,0.0,0.143,0.0,0.125,230,61,1,1,250,320,197,289,215,260,222,235,34,293,236,149,1,43,153,1,106,280,244,5,"1627761,1610612737"
201942,"DeMar DeRozan",1610612759,"SAS",30.0,1,1,0,1.000000,32.0,0.238,0.12,0.204,0.0,0.1,0.333,0.407,0.0,0.143,0.118,0.286,0.25,0.0,0.333,0.0,0.214,0.45,0.171,230,61,1,1,197,82,243,133,215,243,56,37,213,219,252,81,243,210,67,1,197,16,191,5,"201942,1610612759"
1629028,"Deandre Ayton",1610612756,"PHX",21.0,1,1,0,1.000000,33.0,0.161,0.265,0.203,0.0,0.0,0.0,0.0,0.429,0.296,0.324,0.0,0.0,0.1,0.444,0.0,0.154,0.063,0.22,230,61,1,1,188,204,80,134,215,289,222,235,58,84,65,271,1,193,60,1,124,266,129,5,"1629028,1610612756"
1627749,"Dejounte Murray",1610612759,"SAS",23.0,1,1,0,1.000000,24.0,0.25,0.292,0.233,0.25,0.143,0.375,0.3,0.0,0.32,0.286,0.462,0.4,0.75,0.0,0.0,0.143,0.286,0.3,230,61,1,1,249,69,53,95,107,209,43,77,213,70,83,26,319,7,153,1,106,68,43,5,"1627749,1610612759"
1626153,"Delon Wright",1610612742,"DAL",27.0,2,2,0,1.000000,53.0,0.136,0.2,0.14,0.071,0.042,0.207,0.182,0.25,0.22,0.224,0.286,0.0,0.545,0.0,0.667,0.143,0.143,0.188,10,1,1,1,100,258,146,251,205,283,125,143,102,135,131,81,1,13,153,333,106,188,161,5,"1626153,1610612742"
203471,"Dennis Schroder",1610612760,"OKC",26.0,2,0,2,0.000000,56.0,0.201,0.152,0.234,0.143,0.194,0.043,0.054,0.167,0.188,0.185,0.467,0.174,0.167,0.125,0.125,0.138,0.147,0.125,10,231,288,231,92,123,211,91,163,157,219,226,148,162,168,24,182,145,142,199,105,186,244,5,"203471,1610612760"
1628372,"Dennis Smith Jr.",1610612752,"NYK",21.0,2,0,2,0.000000,15.0,0.265,0.091,0.296,0.0,0.182,0.333,0.5,0.0,0.0,0.0,0.286,0.0,0.0,0.333,0.5,0.3,0.5,0.1,10,231,288,231,285,58,277,43,215,169,56,14,213,318,325,81,1,210,67,301,288,6,278,5,"1628372,1610612752"
1629126,"Deonte Burton",1610612760,"OKC",25.0,1,0,1,0.000000,4.0,0.111,0.0,0.143,0.0,0.2,0.0,0.0,0.0,0.5,0.5,0.0,0.0,0.0,0.0,0.0,0.0,0.0,0.0,230,231,115,231,333,293,312,245,215,152,222,235,213,6,12,271,1,210,153,1,1,280,321,5,"1629126,1610612760"
202324,"Derrick Favors",1610612740,"NOP",28.0,2,0,2,0.000000,42.0,0.184,0.256,0.19,0.0,0.0,0.0,0.0,0.667,0.345,0.4,0.133,0.214,0.0,0.25,0.2,0.389,0.0,0.202,10,231,288,231,140,151,87,158,215,289,222,235,14,44,25,180,220,210,80,221,319,280,142,5,"202324,1610612740"
1627884,"Derrick Jones Jr.",1610612748,"MIA",22.0,2,2,0,1.000000,31.0,0.134,0.219,0.145,0.083,0.074,0.25,0.176,0.5,0.069,0.097,0.0,0.083,0.333,0.0,0.0,0.318,0.313,0.205,10,1,1,1,200,265,126,241,199,269,97,150,34,296,275,271,97,61,153,1,296,51,140,5,"1627884,1610612748"
201565,"Derrick Rose",1610612765,"DET",31.0,3,1,2,0.333000,79.0,0.372,0.425,0.375,0.056,0.051,0.317,0.264,0.111,0.128,0.125,0.385,0.5,0.25,0.167,0.4,0.125,0.216,0.371,1,61,288,222,6,3,7,5,210,281,68,89,180,240,236,48,329,103,122,291,91,121,13,5,"201565,1610612765"
1628401,"Derrick White",1610612759,"SAS",25.0,1,1,0,1.000000,22.0,0.175,0.176,0.158,0.0,0.0,0.176,0.227,0.143,0.063,0.087,0.333,0.25,0.0,0.0,0.0,0.222,0.188,0.167,230,61,1,1,256,173,183,221,215,289,139,116,164,302,282,57,243,210,153,1,203,159,195,5,"1628401,1610612759"
1626164,"Devin Booker",1610612756,"PHX",22.0,2,1,1,0.500000,74.0,0.266,0.246,0.277,0.214,0.273,0.139,0.179,0.0,0.115,0.093,0.386,0.286,0.1,0.125,0.273,0.217,0.225,0.222,10,61,115,115,14,57,99,53,128,83,169,149,213,256,278,47,273,193,142,256,200,114,122,5,"1626164,1610612756"
1628984,"Devonte' Graham",1610612766,"CHA",24.0,2,1,1,0.500000,55.0,0.23,0.349,0.25,0.5,0.314,0.357,0.28,0.125,0.122,0.122,0.462,0.182,0.0,0.0,0.5,0.24,0.4,0.379,10,61,115,115,93,91,23,75,17,54,49,86,174,247,244,26,188,210,153,301,228,25,10,5,"1628984,1610612766"
203473,"Dewayne Dedmon",1610612758,"SAC",30.0,2,0,2,0.000000,35.0,0.205,0.138,0.185,0.0,0.208,0.167,0.143,0.444,0.357,0.378,0.083,0.353,0.5,0.5,0.4,0.444,0.091,0.122,10,231,288,231,177,117,226,173,215,149,142,171,56,37,37,228,310,14,35,291,332,234,252,5,"203473,1610612758"
1628415,"Dillon Brooks",1610612763,"MEM",23.0,2,0,2,0.000000,48.0,0.192,0.135,0.216,0.429,0.231,0.0,0.0,0.0,0.211,0.157,0.095,0.179,0.3,0.25,0.286,0.367,0.0,0.141,10,231,288,231,127,142,231,116,34,127,222,235,213,141,196,217,187,88,80,258,316,280,225,5,"1628415,1610612763"
1627734,"Domantas Sabonis",1610612754,"IND",23.0,1,0,1,0.000000,36.0,0.204,0.367,0.214,0.0,0.059,0.357,0.278,0.5,0.364,0.406,0.118,0.167,0.0,0.0,0.167,0.227,0.313,0.338,230,231,115,231,173,119,18,122,215,276,49,87,34,34,23,200,170,210,153,205,215,51,23,5,"1627734,1610612754"
1628378,"Donovan Mitchell",1610612762,"UTA",23.0,2,1,1,0.500000,70.0,0.297,0.368,0.311,0.091,0.143,0.619,0.519,0.556,0.218,0.266,0.214,0.087,0.5,0.25,0.222,0.15,0.367,0.384,10,61,115,115,28,31,17,33,196,209,10,11,30,136,95,115,100,14,80,238,119,33,9,5,"1628378,1610612762"
1627827,"Dorian Finney-Smith",1610612742,"DAL",26.0,2,2,0,1.000000,54.0,0.147,0.082,0.133,0.059,0.167,0.286,0.308,0.714,0.191,0.259,0.12,0.05,0.143,0.25,0.5,0.053,0.207,0.119,10,1,1,1,97,235,288,265,209,185,81,75,10,157,97,197,76,162,80,301,47,129,258,5,"1627827,1610612742"
203926,"Doug McDermott",1610612754,"IND",27.0,1,0,1,0.000000,11.0,0.156,0.154,0.167,0.5,0.5,0.0,0.0,0.0,0.0,0.0,0.111,0.167,0.0,0.0,0.0,0.0,0.0,0.2,230,231,115,231,304,213,209,201,17,4,222,235,213,318,325,207,170,210,153,1,1,280,143,5,"203926,1610612754"
203110,"Draymond Green",1610612744,"GSW",29.0,1,0,1,0.000000,28.0,0.11,0.176,0.118,0.125,0.083,0.235,0.235,0.0,0.235,0.182,0.25,0.0,0.333,0.0,0.0,0.176,0.267,0.186,230,231,115,231,220,302,183,287,179,260,108,107,213,123,170,94,1,61,153,1,153,85,164,5,"203110,1610612744"
1629130,"Duncan Robinson",1610612748,"MIA",25.0,2,2,0,1.000000,46.0,0.098,0.093,0.129,0.25,0.313,0.0,0.0,0.0,0.026,0.021,0.04,0.059,0.0,0.167,0.0,0.156,0.067,0.093,10,1,1,1,131,311,276,271,107,56,222,235,213,317,324,262,85,210,122,1,130,263,285,5,"1629130,1610612748"
1628407,"Dwayne Bacon",1610612766,"CHA",24.0,2,1,1,0.500000,54.0,0.307,0.25,0.337,0.111,0.231,0.286,0.409,0.111,0.235,0.209,0.167,0.158,0.4,0.0,0.6,0.192,0.348,0.234,10,61,115,115,96,22,88,16,187,127,81,36,180,123,143,149,169,43,153,326,169,37,108,5,"1628407,1610612766"
2730,"Dwight Howard",1610612747,"LAL",33.0,2,1,1,0.500000,38.0,0.098,0.063,0.082,0.0,0.0,0.067,0.136,0.545,0.304,0.382,0.214,0.25,0.286,0.6,0.667,0.529,0.28,0.056,10,61,115,115,159,310,300,319,215,289,210,178,32,79,34,115,243,91,27,333,343,75,312,5,"2730,1610612747"
202734,"E'Twaun Moore",1610612740,"NOP",30.0,1,0,1,0.000000,12.0,0.212,0.286,0.269,0.333,0.231,0.0,0.0,0.1,0.25,0.167,0.333,0.0,0.0,0.0,0.0,0.0,0.0,0.238,230,231,115,231,298,112,60,61,61,127,222,235,189,104,182,57,1,210,153,1,1,280,102,5,"202734,1610612740"
202334,"Ed Davis",1610612762,"UTA",30.0,2,1,1,0.500000,20.0,0.167,0.2,0.161,0.0,0.0,0.182,0.167,1.0,0.385,0.556,0.0,0.222,0.333,1.0,0.333,0.467,0.25,0.182,10,61,115,115,264,183,146,212,215,289,137,153,1,28,6,271,226,61,1,271,335,94,173,5,"202334,1610612762"
1628410,"Edmond Sumner",1610612754,"IND",23.0,1,0,1,0.000000,22.0,0.13,0.158,0.15,0.0,0.0,0.0,0.0,0.25,0.0,0.091,0.154,0.125,0.5,0.0,0.0,0.286,0.0,0.125,230,231,115,231,257,271,207,234,215,289,222,235,102,318,279,166,134,14,153,1,269,280,244,5,"1628410,1610612754"
203901,"Elfrid Payton",1610612752,"NYK",25.0,2,0,2,0.000000,50.0,0.173,0.167,0.202,0.214,0.185,0.105,0.069,0.222,0.114,0.136,0.4,0.111,0.263,0.0,0.0,0.188,0.037,0.163,10,231,288,231,113,174,197,136,128,167,182,220,117,257,223,41,123,102,153,1,162,278,201,5,"203901,1610612752"
1629059,"Elie Okobo",1610612756,"PHX",22.0,1,1,0,1.000000,2.0,0.143,1.0,0.25,1.0,0.25,0.0,0.0,0.0,0.0,0.0,0.0,0.0,0.0,0.0,0.0,0.0,0.0,0.6,230,61,1,1,342,241,1,75,1,97,222,235,213,318,325,271,1,210,153,1,1,280,2,5,"1629059,1610612756"
1626144,"Emmanuel Mudiay",1610612762,"UTA",23.0,2,1,1,0.500000,39.0,0.287,0.355,0.323,0.25,0.25,0.0,0.0,0.0,0.108,0.103,0.538,0.286,0.2,0.2,0.4,0.19,0.067,0.296,10,61,115,115,157,35,22,23,107,97,222,235,213,262,273,12,273,127,108,291,168,263,47,5,"1626144,1610612762"
202683,"Enes Kanter",1610612738,"BOS",27.0,1,0,1,0.000000,25.0,0.156,0.294,0.167,0.0,0.071,0.5,0.538,0.6,0.188,0.286,0.2,0.0,0.0,0.0,0.4,0.167,0.313,0.293,230,231,115,231,239,213,52,201,215,270,19,10,23,162,83,121,1,210,153,291,135,51,51,5,"202683,1610612738"
202339,"Eric Bledsoe",1610612749,"MIL",29.0,2,1,1,0.500000,49.0,0.221,0.2,0.215,0.167,0.122,0.25,0.226,0.0,0.174,0.157,0.2,0.286,0.125,0.0,0.6,0.276,0.194,0.206,10,61,115,115,118,100,146,120,151,228,97,119,213,178,196,121,273,177,153,326,265,154,139,5,"202339,1610612749"
201569,"Eric Gordon",1610612745,"HOU",30.0,1,0,1,0.000000,28.0,0.278,0.222,0.339,0.429,0.387,0.0,0.042,0.0,0.042,0.034,0.0,0.25,0.0,0.0,0.6,0.071,0.063,0.186,230,231,115,231,224,48,121,15,34,28,222,227,213,313,323,271,243,210,153,326,56,266,164,5,"201569,1610612745"
1629672,"Eric Paschall",1610612744,"GSW",22.0,1,0,1,0.000000,31.0,0.17,0.188,0.183,0.0,0.038,0.105,0.15,0.182,0.111,0.138,0.143,0.2,0.286,0.0,0.25,0.1,0.133,0.151,230,231,115,231,199,178,168,176,215,284,182,168,139,258,220,173,201,91,153,242,72,197,214,5,"1629672,1610612744"
101141,"Ersan Ilyasova",1610612749,"MIL",32.0,2,1,1,0.500000,41.0,0.194,0.265,0.198,0.3,0.171,0.231,0.182,0.833,0.314,0.39,0.05,0.286,0.333,0.25,0.0,0.222,0.25,0.264,10,61,115,115,149,137,80,144,86,183,111,143,6,74,30,258,273,61,80,1,203,94,78,5,"101141,1610612749"
203095,"Evan Fournier",1610612753,"ORL",26.0,1,1,0,1.000000,28.0,0.267,0.292,0.255,0.5,0.286,0.0,0.286,0.5,0.125,0.167,0.267,0.6,0.143,0.25,0.0,0.231,0.286,0.291,230,61,1,1,222,55,53,68,17,76,222,80,34,241,182,92,340,162,80,1,216,68,55,5,"203095,1610612753"
202323,"Evan Turner",1610612737,"ATL",30.0,1,1,0,1.000000,17.0,0.098,0.267,0.138,0.0,0.0,0.1,0.091,0.0,0.0,0.0,0.4,0.0,0.5,0.0,0.0,0.0,0.125,0.214,230,61,1,1,279,311,78,258,215,289,187,204,213,318,325,41,1,14,153,1,1,204,134,5,"202323,1610612737"
1628402,"Frank Jackson",1610612740,"NOP",21.0,2,0,2,0.000000,29.0,0.258,0.25,0.268,0.214,0.231,0.2,0.143,0.0,0.0,0.0,0.176,0.2,0.0,0.0,0.5,0.211,0.188,0.238,10,231,288,231,219,63,88,62,128,127,126,171,213,318,325,148,201,210,153,301,193,159,103,5,"1628402,1610612740"
1626163,"Frank Kaminsky",1610612756,"PHX",26.0,2,1,1,0.500000,52.0,0.215,0.229,0.226,0.0,0.24,0.375,0.353,0.5,0.286,0.313,0.12,0.111,0.0,0.0,0.222,0.114,0.296,0.252,10,61,115,115,108,109,116,105,215,119,43,56,34,86,69,197,123,210,153,238,84,61,89,5,"1626163,1610612756"
1628373,"Frank Ntilikina",1610612752,"NYK",21.0,1,0,1,0.000000,3.0,0.3,0.0,0.143,0.0,0.0,0.0,0.0,0.0,0.0,0.0,0.0,0.667,1.0,0.0,1.0,0.333,0.0,0.0,230,231,115,231,335,28,312,245,215,289,222,235,213,318,325,271,343,1,153,338,299,280,321,5,"1628373,1610612752"
1627832,"Fred VanVleet",1610612761,"TOR",25.0,2,1,1,0.500000,86.0,0.18,0.2,0.193,0.25,0.197,0.163,0.157,0.063,0.132,0.119,0.342,0.171,0.333,0.167,0.286,0.089,0.208,0.199,10,61,115,115,4,161,146,152,107,156,152,164,208,236,250,56,181,61,122,258,66,127,150,5,"1627832,1610612761"
1627788,"Furkan Korkmaz",1610612755,"PHI",22.0,2,2,0,1.000000,27.0,0.097,0.067,0.104,0.333,0.222,0.0,0.0,0.0,0.174,0.125,0.0,0.154,0.0,0.2,0.0,0.222,0.083,0.061,10,1,1,1,228,313,298,300,61,134,222,235,213,178,236,271,163,210,108,1,203,244,308,5,"1627788,1610612755"
202066,"Garrett Temple",1610612751,"BKN",33.0,2,1,1,0.500000,36.0,0.138,0.167,0.169,0.222,0.238,0.0,0.0,0.111,0.038,0.057,0.091,0.125,0.667,0.0,0.0,0.069,0.0,0.143,10,61,115,115,168,253,197,196,127,121,222,235,180,314,311,221,134,8,153,1,54,280,220,5,"202066,1610612751"
1629726,"Garrison Mathews",1610612764,"WAS",23.0,2,1,1,0.500000,14.0,0.081,0.0,0.08,0.0,0.143,0.0,0.0,0.0,0.083,0.071,0.333,0.125,0.0,0.0,0.5,0.429,0.286,0.0,10,61,115,115,294,328,312,320,215,209,222,235,213,282,298,57,134,210,153,301,330,68,321,5,"1629726,1610612764"
203914,"Gary Harris",1610612743,"DEN",25.0,2,2,0,1.000000,69.0,0.169,0.149,0.174,0.111,0.163,0.114,0.113,0.0,0.102,0.082,0.0,0.24,0.286,0.0,0.5,0.25,0.135,0.135,10,1,1,1,35,181,214,189,187,194,179,193,213,265,289,271,239,91,153,301,232,196,232,5,"203914,1610612743"
1629018,"Gary Trent Jr.",1610612757,"POR",20.0,1,1,0,1.000000,2.0,0.0,0.0,0.0,0.0,0.0,0.0,0.0,0.0,0.0,0.0,0.0,0.0,0.0,0.0,0.0,0.0,0.0,0.0,230,61,1,1,340,341,312,335,215,289,222,235,213,318,325,271,1,210,153,1,1,280,321,5,"1629018,1610612757"
201588,"George Hill",1610612749,"MIL",33.0,2,1,1,0.500000,60.0,0.088,0.091,0.1,0.15,0.13,0.0,0.0,0.0,0.043,0.039,0.306,0.067,0.429,0.2,0.0,0.222,0.074,0.087,10,61,115,115,73,327,277,303,162,222,222,235,213,312,320,75,91,39,108,1,203,255,292,5,"201588,1610612749"
1627777,"Georges Niang",1610612762,"UTA",26.0,2,1,1,0.500000,26.0,0.145,0.182,0.139,0.4,0.333,0.286,0.286,0.0,0.167,0.15,0.167,0.167,0.0,0.0,0.0,0.286,0.214,0.244,10,61,115,115,235,237,175,253,39,40,81,80,213,186,206,149,170,210,153,1,269,122,99,5,"1627777,1610612762"
203507,"Giannis Antetokounmpo",1610612749,"MIL",24.0,2,1,1,0.500000,65.0,0.358,0.411,0.317,0.087,0.154,0.407,0.5,0.429,0.443,0.441,0.606,0.44,0.364,0.25,0.167,0.353,0.439,0.364,10,61,115,115,48,5,8,27,198,199,39,14,58,19,16,10,327,58,80,205,310,20,15,5,"203507,1610612749"
203922,"Glenn Robinson III",1610612744,"GSW",25.0,1,0,1,0.000000,30.0,0.155,0.217,0.179,0.1,0.148,0.143,0.143,0.333,0.167,0.208,0.118,0.0,0.0,0.0,0.0,0.188,0.083,0.186,230,231,115,231,205,222,128,184,192,205,163,171,77,186,144,200,1,210,153,1,162,244,166,5,"203922,1610612744"
201609,"Goran Dragic",1610612748,"MIA",33.0,2,2,0,1.000000,60.0,0.281,0.244,0.253,0.267,0.273,0.409,0.417,0.0,0.188,0.164,0.393,0.25,0.286,0.25,0.25,0.059,0.277,0.295,10,1,1,1,71,45,102,73,105,83,38,34,213,162,189,46,243,91,80,242,49,79,48,5,"201609,1610612748"
202330,"Gordon Hayward",1610612738,"BOS",29.0,2,1,1,0.500000,72.0,0.204,0.217,0.188,0.231,0.105,0.423,0.342,0.15,0.204,0.188,0.133,0.211,0.0,0.0,0.222,0.146,0.174,0.252,10,61,115,115,21,118,131,164,125,241,36,59,162,145,160,180,217,210,153,238,116,169,91,5,"202330,1610612738"
203476,"Gorgui Dieng",1610612750,"MIN",29.0,1,1,0,1.000000,6.0,0.286,0.25,0.3,0.0,0.4,0.0,0.0,0.0,0.286,0.25,0.0,0.5,0.0,0.0,0.0,0.0,0.0,0.222,230,61,1,1,314,36,88,40,215,22,222,235,213,86,102,271,329,210,153,1,1,280,122,5,"203476,1610612750"
1629684,"Grant Williams",1610612738,"BOS",20.0,2,1,1,0.500000,29.0,0.149,0.08,0.159,0.0,0.12,0.0,0.0,0.75,0.077,0.235,0.286,0.2,0.333,0.0,0.0,0.294,0.167,0.06,10,61,115,115,213,233,289,220,215,229,222,235,9,287,118,81,201,61,153,1,286,173,309,5,"1629684,1610612738"
1628960,"Grayson Allen",1610612763,"MEM",24.0,2,0,2,0.000000,39.0,0.143,0.103,0.157,0.4,0.381,0.333,0.235,0.0,0.069,0.054,0.278,0.091,0.0,0.0,0.0,0.263,0.227,0.153,10,231,288,231,153,241,266,223,39,30,56,107,213,296,312,86,102,210,153,1,257,113,208,5,"1628960,1610612763"
1628977,"Hamidou Diallo",1610612760,"OKC",21.0,2,0,2,0.000000,41.0,0.229,0.276,0.205,0.0,0.087,0.2,0.208,0.4,0.162,0.19,0.0,0.4,0.5,0.0,0.286,0.316,0.25,0.238,10,231,288,231,147,95,69,130,215,259,126,131,64,196,159,271,319,14,153,258,294,94,103,5,"1628977,1610612760"
203084,"Harrison Barnes",1610612758,"SAC",27.0,2,0,2,0.000000,64.0,0.159,0.208,0.176,0.176,0.136,0.074,0.118,0.176,0.174,0.175,0.087,0.148,0.286,0.0,0.091,0.097,0.138,0.179,10,231,288,231,50,209,140,186,149,217,207,190,144,178,176,225,161,91,153,192,70,195,180,5,"203084,1610612758"
202355,"Hassan Whiteside",1610612757,"POR",30.0,2,1,1,0.500000,52.0,0.213,0.306,0.177,0.0,0.0,0.32,0.37,0.7,0.467,0.509,0.12,0.316,0.125,0.5,0.2,0.286,0.391,0.29,10,61,115,115,105,111,45,185,215,289,64,48,12,14,11,197,293,177,35,221,269,28,56,5,"202355,1610612757"
1629067,"Isaac Bonga",1610612764,"WAS",19.0,2,1,1,0.500000,47.0,0.096,0.146,0.095,0.143,0.091,0.167,0.2,0.077,0.229,0.188,0.16,0.091,0.5,0.2,0.0,0.429,0.278,0.149,10,61,115,115,128,314,217,309,163,251,142,135,202,129,161,165,102,14,108,1,330,78,216,5,"1629067,1610612764"
202397,"Ish Smith",1610612764,"WAS",31.0,2,1,1,0.500000,57.0,0.135,0.096,0.144,0.111,0.171,0.0,0.0,0.077,0.089,0.086,0.29,0.154,0.111,0.25,0.0,0.292,0.087,0.086,10,61,115,115,85,264,270,244,187,183,222,235,202,279,284,80,163,187,80,1,283,242,293,5,"202397,1610612764"
1627826,"Ivica Zubac",1610612746,"LAC",22.0,2,2,0,1.000000,28.0,0.226,0.296,0.188,0.0,0.0,0.667,0.692,1.0,0.474,0.524,0.059,0.125,0.0,0.667,0.0,0.286,0.455,0.316,10,1,1,1,225,97,51,164,215,289,5,4,1,13,9,250,134,210,20,1,269,15,35,5,"1627826,1610612746"
200755,"JJ Redick",1610612740,"NOP",35.0,2,0,2,0.000000,49.0,0.143,0.149,0.125,0.357,0.235,0.0,0.0,0.0,0.057,0.047,0.091,0.278,0.0,0.0,0.0,0.15,0.125,0.16,10,231,288,231,121,241,214,276,56,125,222,235,213,308,319,221,270,210,153,1,119,204,204,5,"200755,1610612740"
1629630,"Ja Morant",1610612763,"MEM",20.0,2,0,2,0.000000,53.0,0.248,0.243,0.221,0.167,0.077,0.294,0.308,0.167,0.125,0.135,0.409,0.345,0.333,0.167,0.6,0.179,0.219,0.247,10,231,288,231,98,71,104,109,151,265,78,75,148,241,225,39,308,61,122,326,154,119,96,5,"1629630,1610612763"
203210,"JaMychal Green",1610612746,"LAC",29.0,2,2,0,1.000000,35.0,0.169,0.25,0.218,0.778,0.5,0.0,0.056,0.167,0.24,0.226,0.0,0.118,0.0,0.0,0.0,0.4,0.0,0.266,10,1,1,1,179,181,88,113,7,4,222,225,148,117,128,271,133,210,153,1,320,280,74,5,"203210,1610612746"
201580,"JaVale McGee",1610612747,"LAL",31.0,2,1,1,0.500000,29.0,0.118,0.105,0.077,0.0,0.0,0.0,0.0,0.714,0.05,0.222,0.0,0.333,0.0,0.333,0.0,0.111,0.091,0.08,10,61,115,115,214,285,260,323,215,289,222,235,10,309,133,271,295,210,67,1,78,234,300,5,"201580,1610612747"
203953,"Jabari Parker",1610612737,"ATL",24.0,1,1,0,1.000000,23.0,0.216,0.308,0.25,0.143,0.143,0.2,0.167,0.0,0.1,0.083,0.0,0.0,0.0,0.0,0.25,0.167,0.125,0.281,230,61,1,1,255,108,43,75,163,209,126,153,213,267,288,271,1,210,153,242,135,204,60,5,"203953,1610612737"
1628980,"Jacob Evans",1610612744,"GSW",22.0,1,0,1,0.000000,22.0,0.15,0.25,0.191,0.444,0.273,0.0,0.0,0.111,0.333,0.222,0.083,0.0,0.0,0.0,0.5,0.125,0.182,0.222,230,231,115,231,259,231,88,156,31,83,222,235,180,46,133,228,1,210,153,301,91,163,122,5,"1628980,1610612744"
203109,"Jae Crowder",1610612763,"MEM",29.0,2,0,2,0.000000,61.0,0.176,0.167,0.198,0.5,0.442,0.185,0.162,0.222,0.227,0.226,0.179,0.087,0.083,0.0,0.0,0.083,0.171,0.195,10,231,288,231,63,171,197,142,17,12,134,161,117,130,128,146,100,201,153,1,61,171,154,5,"203109,1610612763"
1626143,"Jahlil Okafor",1610612740,"NOP",23.0,2,0,2,0.000000,20.0,0.154,0.333,0.133,0.0,0.0,0.5,0.429,0.273,0.167,0.217,0.0,0.25,0.0,0.5,0.0,0.235,0.636,0.324,10,231,288,231,267,223,28,265,215,289,19,31,98,186,139,271,243,210,35,1,223,3,32,5,"1626143,1610612740"
1627774,"Jake Layman",1610612750,"MIN",25.0,2,2,0,1.000000,48.0,0.177,0.195,0.217,0.429,0.289,0.0,0.0,0.0,0.083,0.065,0.036,0.2,0.0,0.4,0.0,0.308,0.059,0.183,10,1,1,1,126,166,162,114,34,74,222,235,213,282,303,265,201,210,61,1,289,270,169,5,"1627774,1610612750"
1627751,"Jakob Poeltl",1610612759,"SAS",24.0,1,1,0,1.000000,16.0,0.095,0.176,0.121,0.0,0.0,0.0,0.0,0.5,0.154,0.235,0.125,0.0,0.0,0.5,1.0,0.4,0.2,0.136,230,61,1,1,282,315,183,283,215,289,222,235,34,206,118,190,1,210,35,338,320,135,231,5,"1627751,1610612759"
1628973,"Jalen Brunson",1610612742,"DAL",23.0,2,2,0,1.000000,53.0,0.201,0.209,0.226,0.3,0.216,0.1,0.129,0.417,0.152,0.207,0.208,0.174,0.286,0.0,0.2,0.167,0.25,0.198,10,1,1,1,102,123,139,106,86,140,187,181,63,207,146,118,182,91,153,221,135,94,151,5,"1628973,1610612742"
1629667,"Jalen McDaniels",1610612766,"CHA",21.0,1,0,1,0.000000,3.0,0.286,0.5,0.333,0.0,0.0,0.0,0.0,0.5,0.0,0.333,0.0,0.0,0.0,0.0,0.0,0.0,0.0,0.333,230,231,115,231,337,36,4,17,215,289,222,235,34,318,55,271,1,210,153,1,1,280,25,5,"1629667,1610612766"
1627750,"Jamal Murray",1610612743,"DEN",22.0,2,2,0,1.000000,74.0,0.251,0.226,0.254,0.25,0.234,0.279,0.288,0.133,0.204,0.188,0.273,0.208,0.143,0.091,0.25,0.156,0.302,0.243,10,1,1,1,9,67,119,72,107,126,89,79,172,145,161,89,215,162,151,242,130,56,100,5,"1627750,1610612743"
203516,"James Ennis III",1610612755,"PHI",29.0,2,2,0,1.000000,29.0,0.169,0.13,0.127,0.0,0.115,0.667,0.5,0.333,0.28,0.29,0.077,0.25,0.0,0.0,0.0,0.25,0.417,0.2,10,1,1,1,217,180,236,274,215,233,5,14,77,91,82,235,243,210,153,1,232,22,143,5,"203516,1610612755"
201935,"James Harden",1610612745,"HOU",30.0,1,0,1,0.000000,36.0,0.286,0.08,0.197,0.083,0.216,0.583,0.467,0.2,0.139,0.152,0.737,0.583,0.333,0.167,0.167,0.238,0.45,0.221,230,231,115,231,165,36,289,145,199,140,14,23,124,228,202,3,339,61,122,205,226,16,127,5,"201935,1610612745"
201162,"Jared Dudley",1610612747,"LAL",34.0,2,1,1,0.500000,19.0,0.045,0.182,0.061,0.4,0.154,0.0,0.0,0.0,0.125,0.071,0.0,0.0,0.0,0.0,0.0,0.286,0.2,0.194,10,61,115,115,269,338,175,329,39,199,222,235,213,241,298,271,1,210,153,1,269,135,155,5,"201162,1610612747"
1629607,"Jared Harper",1610612756,"PHX",22.0,1,1,0,1.000000,2.0,0.143,0.0,0.25,0.0,0.25,0.0,0.0,0.0,0.0,0.0,0.0,0.0,0.0,0.0,0.0,0.0,0.0,0.0,230,61,1,1,342,241,312,75,215,97,222,235,213,318,325,271,1,210,153,1,1,280,321,5,"1629607,1610612756"
1628991,"Jaren Jackson Jr.",1610612763,"MEM",20.0,2,0,2,0.000000,62.0,0.267,0.298,0.254,0.125,0.243,0.393,0.385,0.294,0.205,0.23,0.071,0.269,0.154,0.375,0.111,0.216,0.381,0.308,10,231,288,231,57,54,50,69,179,115,41,43,94,144,123,239,264,156,65,196,199,30,39,5,"1628991,1610612763"
1629714,"Jarrell Brantley",1610612762,"UTA",23.0,1,0,1,0.000000,5.0,0.0,0.0,0.0,0.0,0.0,0.0,0.0,0.0,0.6,0.6,0.333,0.0,0.0,1.0,0.0,0.0,0.0,0.0,230,231,115,231,321,341,312,335,215,289,222,235,213,4,4,57,1,210,1,1,1,280,321,5,"1629714,1610612762"
1628386,"Jarrett Allen",1610612751,"BKN",21.0,2,1,1,0.500000,62.0,0.107,0.094,0.106,0.0,0.0,0.0,0.125,0.5,0.304,0.345,0.115,0.105,0.154,0.625,0.0,0.24,0.207,0.068,10,61,115,115,59,303,272,297,215,289,222,184,34,79,52,204,119,156,24,1,228,129,304,5,"1628386,1610612751"
1629633,"Jarrett Culver",1610612750,"MIN",20.0,2,2,0,1.000000,29.0,0.128,0.087,0.148,0.0,0.125,0.0,0.0,0.4,0.045,0.111,0.059,0.2,0.222,0.0,0.4,0.091,0.056,0.059,10,1,1,1,209,273,285,237,215,223,222,235,64,310,264,250,201,118,153,291,67,271,310,5,"1629633,1610612750"
1629750,"Javonte Green",1610612738,"BOS",26.0,1,1,0,1.000000,0.0,0.0,0.0,0.0,0.0,0.0,0.0,0.0,0.0,0.0,0.0,0.0,0.0,0.0,0.0,0.0,0.0,0.0,0.0,230,61,1,1,349,341,312,335,215,289,222,235,213,318,325,271,1,210,153,1,1,280,321,5,"1629750,1610612738"
1627759,"Jaylen Brown",1610612738,"BOS",23.0,2,1,1,0.500000,59.0,0.192,0.311,0.215,0.3,0.231,0.087,0.129,0.0,0.348,0.242,0.182,0.154,0.1,0.286,0.1,0.212,0.147,0.268,10,61,115,115,76,141,41,121,86,127,196,181,213,41,115,139,163,193,75,194,196,186,70,5,"1627759,1610612738"
1628369,"Jayson Tatum",1610612738,"BOS",21.0,2,1,1,0.500000,72.0,0.27,0.286,0.293,0.533,0.294,0.2,0.182,0.16,0.3,0.253,0.188,0.25,0.455,0.0,0.2,0.057,0.189,0.293,10,61,115,115,20,52,60,45,16,70,126,143,158,81,101,134,243,37,153,221,48,158,50,5,"1628369,1610612738"
201145,"Jeff Green",1610612762,"UTA",33.0,2,1,1,0.500000,40.0,0.187,0.1,0.167,0.667,0.333,0.167,0.235,0.0,0.143,0.125,0.133,0.25,0.143,0.167,0.143,0.25,0.2,0.133,10,61,115,115,150,147,267,201,9,40,142,107,213,219,236,180,243,162,122,202,232,135,234,5,"201145,1610612762"
201952,"Jeff Teague",1610612750,"MIN",31.0,2,2,0,1.000000,57.0,0.122,0.109,0.102,0.0,0.075,0.231,0.206,0.0,0.116,0.086,0.321,0.308,0.333,0.0,0.0,0.185,0.161,0.121,10,1,1,1,87,279,256,301,215,268,111,133,213,253,284,72,290,61,153,1,160,181,254,5,"201952,1610612750"
203924,"Jerami Grant",1610612743,"DEN",25.0,2,2,0,1.000000,52.0,0.161,0.205,0.17,0.2,0.241,0.103,0.139,0.182,0.143,0.152,0.034,0.188,0.0,0.0,0.0,0.167,0.267,0.18,10,1,1,1,106,202,145,195,133,118,185,176,139,219,202,267,196,210,153,1,135,85,177,5,"203924,1610612743"
203087,"Jeremy Lamb",1610612754,"IND",27.0,1,0,1,0.000000,26.0,0.23,0.222,0.234,0.0,0.167,0.167,0.214,0.2,0.176,0.182,0.25,0.286,1.0,0.0,0.333,0.286,0.188,0.192,230,231,115,231,234,92,121,91,215,185,142,127,124,175,170,94,273,1,153,271,269,159,156,5,"203087,1610612754"
1629010,"Jerome Robinson",1610612746,"LAC",22.0,1,1,0,1.000000,4.0,0.333,0.333,0.5,0.333,0.25,0.0,0.0,0.0,0.4,0.4,0.0,0.0,0.0,0.0,0.0,0.0,0.0,0.333,230,61,1,1,328,9,28,2,61,97,222,235,213,25,25,271,1,210,153,1,1,280,25,5,"1629010,1610612746"
1628975,"Jevon Carter",1610612756,"PHX",24.0,2,1,1,0.500000,36.0,0.157,0.2,0.18,0.455,0.32,0.0,0.0,0.143,0.077,0.091,0.222,0.2,0.0,0.25,0.167,0.364,0.056,0.2,10,61,115,115,170,212,146,179,29,53,222,235,164,287,279,108,201,210,80,205,314,271,143,5,"1628975,1610612756"
203925,"Joe Harris",1610612751,"BKN",28.0,2,1,1,0.500000,71.0,0.12,0.175,0.138,0.333,0.212,0.0,0.0,0.083,0.135,0.125,0.115,0.133,0.059,0.2,0.4,0.175,0.088,0.171,10,61,115,115,25,281,189,257,61,147,222,235,197,232,236,204,146,209,108,291,151,240,192,5,"203925,1610612751"
204060,"Joe Ingles",1610612762,"UTA",32.0,2,1,1,0.500000,61.0,0.09,0.085,0.095,0.125,0.179,0.0,0.0,0.0,0.146,0.117,0.227,0.136,0.0,0.0,0.111,0.125,0.0,0.074,10,61,115,115,65,322,287,308,179,174,222,235,213,216,258,106,148,210,153,196,91,280,302,5,"204060,1610612762"
203954,"Joel Embiid",1610612755,"PHI",25.0,1,1,0,1.000000,23.0,0.3,0.263,0.333,1.0,0.4,0.286,0.381,0.571,0.333,0.382,0.273,0.0,0.0,0.6,0.0,0.357,0.412,0.283,230,61,1,1,252,28,82,17,1,22,81,44,26,46,34,89,1,210,27,1,312,23,59,5,"203954,1610612755"
1628381,"John Collins",1610612737,"ATL",22.0,1,1,0,1.000000,30.0,0.203,0.32,0.283,0.333,0.176,0.071,0.067,0.429,0.292,0.323,0.067,0.0,0.286,0.5,0.5,0.182,0.143,0.269,230,61,1,1,204,121,37,50,61,177,208,222,58,85,66,244,1,91,35,301,158,188,69,5,"1628381,1610612737"
1628405,"Johnathan Motley",1610612746,"LAC",24.0,1,1,0,1.000000,4.0,0.333,0.333,0.167,0.333,0.25,0.0,0.0,0.0,0.2,0.2,0.667,0.667,0.0,0.0,0.0,0.25,0.0,0.333,230,61,1,1,328,9,28,201,61,97,222,235,213,147,150,5,343,210,153,1,232,280,25,5,"1628405,1610612746"
202685,"Jonas Valanciunas",1610612763,"MEM",27.0,2,0,2,0.000000,35.0,0.261,0.304,0.27,0.0,0.091,0.231,0.25,0.444,0.345,0.368,0.083,0.238,0.167,0.143,0.286,0.286,0.25,0.266,10,231,288,231,182,61,46,59,215,251,111,92,56,44,41,228,237,145,137,258,269,94,75,5,"202685,1610612763"
1628371,"Jonathan Isaac",1610612753,"ORL",22.0,1,1,0,1.000000,24.0,0.111,0.053,0.073,0.0,0.071,0.167,0.182,0.333,0.467,0.444,0.182,0.333,0.143,0.667,1.0,0.4,0.125,0.063,230,61,1,1,246,293,305,325,215,270,142,143,77,14,15,139,295,162,20,338,320,204,307,5,"1628371,1610612753"
1628395,"Jordan Bell",1610612750,"MIN",24.0,1,1,0,1.000000,5.0,0.182,0.667,0.25,0.0,0.0,0.0,0.0,1.0,0.667,0.714,0.0,0.0,0.0,0.0,0.0,0.25,0.0,0.667,230,61,1,1,318,156,2,75,215,289,222,235,1,2,2,271,1,210,153,1,232,280,1,5,"1628395,1610612750"
203903,"Jordan Clarkson",1610612739,"CLE",27.0,1,0,1,0.000000,18.0,0.304,0.2,0.343,0.0,0.385,0.75,0.429,0.25,0.077,0.118,0.0,0.167,0.4,0.0,0.0,0.0,0.286,0.28,230,231,115,231,270,25,146,14,215,29,2,31,102,287,252,271,170,43,153,1,1,68,62,5,"203903,1610612739"
203895,"Jordan McRae",1610612764,"WAS",28.0,1,0,1,0.000000,23.0,0.196,0.286,0.209,0.125,0.115,0.4,0.4,0.0,0.333,0.278,0.3,0.1,0.0,0.0,0.0,0.1,0.222,0.268,230,231,115,231,253,132,60,128,179,233,40,38,213,46,89,77,111,210,153,1,72,115,70,5,"203895,1610612764"
1629673,"Jordan Poole",1610612744,"GSW",20.0,1,0,1,0.000000,21.0,0.209,0.105,0.26,0.2,0.368,0.0,0.0,0.0,0.143,0.077,0.167,0.2,0.25,0.0,0.333,0.0,0.077,0.085,230,231,115,231,261,115,260,65,133,31,222,235,213,219,294,149,201,103,153,271,1,251,295,5,"1629673,1610612744"
1628404,"Josh Hart",1610612740,"NOP",24.0,2,0,2,0.000000,55.0,0.182,0.22,0.164,0.211,0.179,0.529,0.455,0.273,0.325,0.306,0.038,0.176,0.4,0.143,0.2,0.243,0.25,0.263,10,231,288,231,95,155,125,210,132,174,17,26,98,68,73,263,185,43,137,221,231,94,81,5,"1628404,1610612740"
1629006,"Josh Okogie",1610612750,"MIN",21.0,2,2,0,1.000000,41.0,0.179,0.184,0.147,0.182,0.147,0.375,0.333,0.2,0.143,0.156,0.222,0.214,0.154,0.0,0.5,0.167,0.29,0.225,10,1,1,1,148,163,173,239,147,207,43,62,124,219,200,108,220,156,153,301,135,67,116,5,"1629006,1610612750"
1626196,"Josh Richardson",1610612755,"PHI",26.0,2,2,0,1.000000,70.0,0.193,0.127,0.186,0.0,0.186,0.314,0.212,0.143,0.083,0.095,0.182,0.238,0.188,0.25,0.5,0.158,0.255,0.153,10,1,1,1,31,140,238,167,215,164,69,128,164,282,277,139,237,143,80,301,132,93,209,5,"1626196,1610612755"
201950,"Jrue Holiday",1610612740,"NOP",29.0,2,0,2,0.000000,74.0,0.185,0.125,0.186,0.045,0.158,0.19,0.222,0.2,0.094,0.118,0.311,0.192,0.333,0.222,0.333,0.075,0.143,0.123,10,231,288,231,10,150,239,169,214,196,132,120,124,271,252,74,199,61,105,271,58,188,251,5,"201950,1610612740"
203944,"Julius Randle",1610612752,"NYK",24.0,2,0,2,0.000000,74.0,0.247,0.238,0.252,0.05,0.146,0.421,0.433,0.4,0.333,0.344,0.303,0.212,0.136,0.0,0.667,0.2,0.3,0.236,10,231,288,231,12,72,108,74,213,208,37,29,64,46,53,76,219,176,153,333,175,57,105,5,"203944,1610612752"
203200,"Justin Holiday",1610612754,"IND",30.0,1,0,1,0.000000,15.0,0.053,0.0,0.069,0.0,0.111,0.0,0.0,0.0,0.0,0.0,0.2,0.0,0.333,0.0,0.0,0.231,0.0,0.0,230,231,115,231,287,337,312,327,215,235,222,235,213,318,325,121,1,61,153,1,216,280,321,5,"203200,1610612754"
1628382,"Justin Jackson",1610612742,"DAL",24.0,2,2,0,1.000000,32.0,0.182,0.231,0.196,0.167,0.16,0.222,0.2,0.0,0.185,0.161,0.154,0.222,0.0,0.0,0.0,0.143,0.091,0.224,10,1,1,1,196,156,113,147,151,195,118,135,213,168,190,166,226,210,153,1,106,234,120,5,"1628382,1610612742"
1629713,"Justin James",1610612758,"SAC",22.0,1,0,1,0.000000,3.0,0.2,0.333,0.25,0.0,0.0,0.0,0.0,0.0,0.0,0.0,0.0,0.0,0.0,0.0,0.0,0.0,0.0,0.333,230,231,115,231,338,125,28,75,215,289,222,235,213,318,325,271,1,210,153,1,1,280,25,5,"1629713,1610612758"
1629620,"Justin Robinson",1610612764,"WAS",22.0,1,0,1,0.000000,1.0,0.0,0.0,0.0,0.0,0.0,0.0,0.0,0.0,0.0,0.0,0.0,0.0,0.0,0.0,0.0,0.0,0.0,0.0,230,231,115,231,346,341,312,335,215,289,222,235,213,318,325,271,1,210,153,1,1,280,321,5,"1629620,1610612764"
1626159,"Justise Winslow",1610612748,"MIA",23.0,2,2,0,1.000000,78.0,0.242,0.215,0.262,0.063,0.091,0.17,0.238,0.375,0.212,0.244,0.359,0.194,0.143,0.1,0.1,0.125,0.208,0.192,10,1,1,1,7,80,133,64,208,251,141,105,73,140,114,53,200,162,148,194,91,128,157,5,"1626159,1610612748"
1629644,"KZ Okpala",1610612748,"MIA",20.0,1,1,0,1.000000,1.0,0.333,0.0,0.0,0.0,0.0,0.0,0.0,0.0,1.0,1.0,0.0,1.0,0.0,0.0,0.0,0.0,0.0,0.0,230,61,1,1,344,9,312,335,215,289,222,235,213,1,1,271,348,210,153,1,1,280,321,5,"1629644,1610612748"
1626157,"Karl-Anthony Towns",1610612750,"MIN",23.0,2,2,0,1.000000,66.0,0.314,0.375,0.296,0.647,0.36,0.438,0.512,0.278,0.462,0.414,0.333,0.357,0.467,0.714,0.182,0.308,0.4,0.412,10,1,1,1,41,18,12,43,11,34,33,13,97,17,21,57,311,35,19,218,289,25,5,5,"1626157,1610612750"
202695,"Kawhi Leonard",1610612746,"LAC",28.0,2,2,0,1.000000,53.0,0.393,0.373,0.419,0.133,0.25,0.393,0.4,0.167,0.256,0.244,0.438,0.438,0.222,0.2,0.5,0.192,0.308,0.352,10,1,1,1,103,1,15,3,175,97,41,38,148,102,113,31,326,118,108,301,169,54,18,5,"202695,1610612746"
1629103,"Kelan Martin",1610612750,"MIN",24.0,1,1,0,1.000000,5.0,0.273,0.0,0.375,0.0,0.333,0.0,0.0,0.0,0.167,0.143,0.0,0.0,0.0,0.0,0.0,0.25,0.0,0.0,230,61,1,1,318,49,312,5,215,40,222,235,213,186,214,271,1,210,153,1,232,280,321,5,"1629103,1610612750"
203482,"Kelly Olynyk",1610612748,"MIA",28.0,2,2,0,1.000000,50.0,0.156,0.14,0.154,0.357,0.286,0.103,0.08,0.167,0.238,0.222,0.2,0.263,0.222,0.286,0.5,0.357,0.108,0.151,10,1,1,1,115,218,225,229,56,76,186,209,148,120,133,121,262,118,75,301,312,223,212,5,"203482,1610612748"
1626162,"Kelly Oubre Jr.",1610612756,"PHX",23.0,2,1,1,0.500000,67.0,0.228,0.273,0.227,0.333,0.244,0.345,0.313,0.286,0.245,0.254,0.081,0.222,0.25,0.25,0.182,0.175,0.265,0.291,10,61,115,115,37,96,72,104,61,113,54,72,96,115,100,234,226,103,80,218,151,89,54,5,"1626162,1610612756"
202689,"Kemba Walker",1610612738,"BOS",29.0,2,1,1,0.500000,70.0,0.262,0.218,0.274,0.231,0.333,0.259,0.216,0.2,0.065,0.113,0.143,0.278,0.222,0.25,0.5,0.179,0.275,0.227,10,61,115,115,27,60,127,55,125,40,96,126,124,300,263,173,270,118,80,301,157,81,112,5,"202689,1610612738"
1629134,"Kendrick Nunn",1610612748,"MIA",24.0,2,2,0,1.000000,55.0,0.266,0.333,0.313,0.273,0.357,0.167,0.136,0.0,0.12,0.095,0.242,0.105,0.4,0.167,0.286,0.314,0.261,0.307,10,1,1,1,94,56,28,31,101,35,142,178,213,250,276,101,119,43,122,258,293,90,41,5,"1629134,1610612748"
1629026,"Kenrich Williams",1610612740,"NOP",24.0,2,0,2,0.000000,39.0,0.125,0.094,0.106,0.118,0.109,0.308,0.333,0.222,0.258,0.245,0.19,0.182,0.167,0.4,0.0,0.269,0.1,0.128,10,231,288,231,151,275,274,298,185,238,73,62,117,101,112,132,188,145,61,1,261,227,240,5,"1629026,1610612740"
203145,"Kent Bazemore",1610612757,"POR",30.0,2,1,1,0.500000,48.0,0.133,0.116,0.161,0.1,0.194,0.083,0.071,0.111,0.25,0.222,0.333,0.056,0.5,1.0,0.333,0.226,0.154,0.108,10,61,115,115,124,266,248,215,192,157,200,218,180,104,133,57,80,14,1,271,212,184,274,5,"203145,1610612757"
203484,"Kentavious Caldwell-Pope",1610612747,"LAL",26.0,2,1,1,0.500000,48.0,0.092,0.0,0.101,0.0,0.118,0.056,0.077,0.0,0.152,0.111,0.211,0.091,0.222,0.0,0.0,0.276,0.107,0.01,10,61,115,115,123,319,312,302,215,230,214,212,213,209,264,117,102,118,153,1,265,224,320,5,"203484,1610612747"
1628989,"Kevin Huerter",1610612737,"ATL",21.0,1,1,0,1.000000,14.0,0.188,0.0,0.136,0.0,0.25,0.0,0.0,0.0,0.5,0.364,0.714,0.429,0.0,0.0,0.0,0.556,0.0,0.0,230,61,1,1,292,144,312,260,215,97,222,235,213,6,43,4,323,210,153,1,345,280,321,5,"1628989,1610612737"
1628995,"Kevin Knox II",1610612752,"NYK",20.0,2,0,2,0.000000,50.0,0.151,0.244,0.189,0.467,0.267,0.133,0.074,0.0,0.182,0.146,0.095,0.045,0.071,0.0,0.5,0.205,0.125,0.259,10,231,288,231,117,230,103,161,27,89,170,216,213,169,210,217,75,206,153,301,188,204,84,5,"1628995,1610612752"
201567,"Kevin Love",1610612739,"CLE",31.0,1,0,1,0.000000,36.0,0.151,0.16,0.138,0.0,0.037,0.6,0.5,0.111,0.515,0.429,0.188,0.143,0.2,0.0,0.0,0.167,0.273,0.175,230,231,115,231,167,229,203,256,215,285,11,14,180,5,20,134,149,127,153,1,135,82,186,5,"201567,1610612739"
1629645,"Kevin Porter Jr.",1610612739,"CLE",19.0,1,0,1,0.000000,17.0,0.146,0.0,0.182,0.0,0.067,0.0,0.0,0.0,0.059,0.053,0.4,0.0,0.2,0.0,0.0,0.333,0.0,0.0,230,231,115,231,277,236,312,177,215,275,222,235,213,306,315,41,1,127,153,1,299,280,321,5,"1629645,1610612739"
1626172,"Kevon Looney",1610612744,"GSW",23.0,1,0,1,0.000000,10.0,0.167,0.143,0.154,0.25,0.071,0.0,0.0,0.833,0.5,0.643,0.167,0.333,0.0,0.0,0.0,0.6,0.0,0.167,230,231,115,231,307,183,218,229,107,270,222,235,6,6,3,149,295,210,153,1,346,280,195,5,"1626172,1610612744"
203114,"Khris Middleton",1610612749,"MIL",28.0,2,1,1,0.500000,71.0,0.235,0.19,0.237,0.35,0.294,0.292,0.25,0.125,0.19,0.182,0.167,0.211,0.154,0.111,0.2,0.167,0.119,0.225,10,61,115,115,26,85,166,88,59,70,79,92,174,161,170,149,217,156,146,221,135,219,117,5,"203114,1610612749"
1628961,"Kostas Antetokounmpo",1610612747,"LAL",21.0,1,1,0,1.000000,0.0,0.0,0.0,0.0,0.0,0.0,0.0,0.0,0.0,0.0,0.0,0.0,0.0,0.0,0.0,0.0,0.0,0.0,0.0,230,61,1,1,347,341,312,335,215,289,222,235,213,318,325,271,1,210,153,1,1,280,321,5,"1628961,1610612747"
1627739,"Kris Dunn",1610612741,"CHI",25.0,2,1,1,0.500000,50.0,0.144,0.174,0.165,0.0,0.108,0.063,0.083,0.125,0.1,0.105,0.3,0.111,0.5,0.5,0.0,0.261,0.111,0.139,10,61,115,115,114,239,190,208,215,239,212,206,174,267,269,77,123,14,35,1,254,220,228,5,"1627739,1610612741"
204001,"Kristaps Porzingis",1610612742,"DAL",24.0,2,2,0,1.000000,58.0,0.336,0.288,0.308,0.375,0.261,0.5,0.517,0.0,0.174,0.138,0.185,0.368,0.1,0.6,0.333,0.292,0.481,0.331,10,1,1,1,78,8,59,35,49,94,19,12,213,178,220,138,315,193,27,271,283,12,31,5,"204001,1610612742"
1629065,"Ky Bowman",1610612744,"GSW",22.0,1,0,1,0.000000,4.0,0.0,0.0,0.0,0.0,0.0,0.0,0.0,0.0,0.0,0.0,0.333,0.0,0.0,0.0,0.0,0.0,0.0,0.0,230,231,115,231,328,341,312,335,215,289,222,235,213,318,325,57,1,210,153,1,1,280,321,5,"1629065,1610612744"
203937,"Kyle Anderson",1610612763,"MEM",26.0,2,0,2,0.000000,41.0,0.111,0.171,0.13,0.143,0.083,0.0,0.154,0.375,0.286,0.302,0.227,0.05,0.4,0.2,0.0,0.111,0.167,0.157,10,231,288,231,146,293,194,269,163,260,222,165,73,86,76,106,76,43,108,1,78,173,207,5,"203937,1610612763"
2594,"Kyle Korver",1610612749,"MIL",38.0,2,1,1,0.500000,33.0,0.189,0.188,0.221,0.313,0.308,0.133,0.091,0.333,0.156,0.184,0.056,0.182,0.2,0.0,0.25,0.15,0.176,0.2,10,61,115,115,192,143,168,110,81,58,170,204,77,203,169,255,188,127,153,242,119,167,143,5,"2594,1610612749"
200768,"Kyle Lowry",1610612761,"TOR",33.0,2,1,1,0.500000,85.0,0.22,0.227,0.212,0.333,0.313,0.343,0.341,0.056,0.116,0.103,0.325,0.222,0.5,0.125,0.188,0.205,0.326,0.263,10,61,115,115,5,102,117,124,61,55,55,61,211,255,271,71,226,14,142,220,187,46,80,5,"200768,1610612761"
203124,"Kyle O'Quinn",1610612755,"PHI",29.0,2,2,0,1.000000,18.0,0.16,0.154,0.125,0.25,0.167,0.222,0.364,0.5,0.417,0.438,0.0,0.167,0.0,0.667,0.0,0.214,0.444,0.179,10,1,1,1,272,206,209,276,107,185,118,53,34,23,18,271,170,210,20,1,197,18,178,5,"203124,1610612755"
202681,"Kyrie Irving",1610612751,"BKN",27.0,2,1,1,0.500000,69.0,0.37,0.41,0.397,0.375,0.4,0.708,0.474,0.2,0.137,0.152,0.4,0.19,0.2,0.111,0.0,0.333,0.389,0.447,10,61,115,115,34,4,9,4,49,22,4,22,124,230,204,41,198,127,146,1,299,29,3,5,"202681,1610612751"
200746,"LaMarcus Aldridge",1610612759,"SAS",34.0,1,1,0,1.000000,35.0,0.241,0.286,0.273,0.2,0.091,0.217,0.167,0.667,0.133,0.222,0.067,0.25,0.0,0.667,0.0,0.071,0.174,0.262,230,61,1,1,176,81,60,56,133,251,121,153,14,233,133,244,243,210,20,1,56,169,82,5,"200746,1610612759"
1629013,"Landry Shamet",1610612746,"LAC",22.0,2,2,0,1.000000,60.0,0.101,0.115,0.127,0.263,0.205,0.0,0.0,0.0,0.07,0.064,0.128,0.05,0.0,0.143,0.25,0.097,0.036,0.116,10,1,1,1,69,307,249,273,106,151,222,235,213,295,305,189,76,210,137,242,70,279,264,5,"1629013,1610612746"
204038,"Langston Galloway",1610612765,"DET",27.0,3,1,2,0.333000,72.0,0.131,0.098,0.136,0.25,0.214,0.146,0.148,0.077,0.186,0.161,0.161,0.143,0.154,0.154,0.0,0.103,0.125,0.123,1,61,288,222,23,269,268,263,107,143,162,170,202,167,192,162,149,156,136,1,75,204,250,5,"204038,1610612765"
1626204,"Larry Nance Jr.",1610612739,"CLE",26.0,1,0,1,0.000000,27.0,0.242,0.235,0.216,0.2,0.238,0.0,0.222,0.571,0.37,0.412,0.182,0.444,0.0,1.0,0.0,0.385,0.333,0.205,230,231,115,231,228,79,111,117,133,121,222,120,26,33,22,139,328,210,1,1,317,40,140,5,"1626204,1610612739"
1628374,"Lauri Markkanen",1610612741,"CHI",22.0,2,1,1,0.500000,66.0,0.291,0.298,0.299,0.143,0.333,0.308,0.313,0.292,0.438,0.389,0.179,0.25,0.071,0.125,0.0,0.069,0.25,0.286,10,61,115,115,44,33,49,42,163,40,73,72,95,20,31,146,243,206,142,1,54,94,57,5,"1628374,1610612741"
2544,"LeBron James",1610612747,"LAL",34.0,2,1,1,0.500000,67.0,0.327,0.373,0.347,0.143,0.214,0.357,0.343,0.188,0.359,0.309,0.643,0.286,0.182,0.1,0.6,0.115,0.279,0.347,10,61,115,115,39,15,15,11,163,143,49,58,137,36,71,7,273,144,148,326,85,77,20,5,"2544,1610612747"
1628366,"Lonzo Ball",1610612740,"NOP",21.0,2,0,2,0.000000,58.0,0.199,0.151,0.205,0.278,0.349,0.143,0.235,0.091,0.279,0.241,0.263,0.143,0.333,0.0,0.2,0.179,0.2,0.167,10,231,288,231,80,129,212,132,99,38,163,107,193,92,116,93,149,61,153,221,154,135,195,5,"1628366,1610612740"
101150,"Lou Williams",1610612746,"LAC",32.0,2,2,0,1.000000,66.0,0.218,0.206,0.219,0.118,0.156,0.517,0.366,0.077,0.156,0.138,0.405,0.091,0.2,0.0,0.167,0.031,0.424,0.25,10,1,1,1,44,105,142,112,185,198,18,52,202,204,220,40,102,127,153,205,45,21,92,5,"101150,1610612746"
1629029,"Luka Doncic",1610612742,"DAL",20.0,2,2,0,1.000000,71.0,0.298,0.367,0.302,0.35,0.305,0.267,0.244,0.143,0.309,0.275,0.481,0.391,0.4,0.0,0.0,0.161,0.378,0.347,10,1,1,1,24,30,18,38,59,61,94,101,164,77,90,19,317,43,153,1,133,31,21,5,"1629029,1610612742"
1628379,"Luke Kennard",1610612765,"DET",23.0,3,1,2,0.333000,91.0,0.211,0.21,0.237,0.455,0.396,0.3,0.258,0.059,0.132,0.114,0.167,0.061,0.091,0.0,0.0,0.167,0.213,0.252,1,61,288,222,2,113,138,89,29,27,75,91,209,237,262,149,89,200,153,1,135,126,90,5,"1628379,1610612765"
1628436,"Luke Kornet",1610612741,"CHI",24.0,2,1,1,0.500000,15.0,0.182,0.091,0.2,0.333,0.308,0.0,0.0,0.333,0.333,0.333,0.0,0.333,0.0,0.5,0.0,0.286,0.2,0.103,10,61,115,115,283,156,277,137,61,58,222,235,77,46,55,271,295,210,35,1,269,135,276,5,"1628436,1610612741"
1627763,"Malcolm Brogdon",1610612754,"IND",26.0,1,0,1,0.000000,36.0,0.244,0.172,0.21,0.4,0.25,0.5,0.458,0.0,0.143,0.111,0.611,0.222,0.0,0.25,0.333,0.111,0.3,0.265,230,231,115,231,169,75,193,127,39,97,19,25,213,219,264,9,226,210,80,271,78,57,77,5,"1627763,1610612754"
1627736,"Malik Beasley",1610612743,"DEN",22.0,2,2,0,1.000000,42.0,0.202,0.29,0.233,0.4,0.364,0.048,0.037,0.25,0.125,0.156,0.091,0.25,0.286,0.0,1.0,0.154,0.091,0.247,10,1,1,1,142,122,56,94,39,32,216,229,102,241,198,221,243,91,153,338,124,234,97,5,"1627736,1610612743"
1628370,"Malik Monk",1610612766,"CHA",21.0,2,1,1,0.500000,36.0,0.12,0.107,0.111,0.067,0.1,0.0,0.0,0.0,0.091,0.071,0.316,0.222,0.0,0.0,0.0,0.238,0.0,0.085,10,61,115,115,166,283,258,292,207,243,222,235,213,274,298,73,226,210,153,1,226,280,294,5,"1628370,1610612766"
201188,"Marc Gasol",1610612761,"TOR",34.0,2,1,1,0.500000,57.0,0.144,0.045,0.168,0.053,0.186,0.077,0.094,0.154,0.156,0.155,0.24,0.111,0.0,0.0,0.091,0.259,0.061,0.053,10,61,115,115,84,240,308,200,212,164,205,203,159,204,201,102,123,210,153,192,252,269,313,5,"201188,1610612761"
201158,"Marco Belinelli",1610612759,"SAS",33.0,1,1,0,1.000000,18.0,0.089,0.056,0.056,0.0,0.091,0.125,0.222,0.0,0.077,0.059,0.125,0.167,0.0,0.0,0.0,0.0,0.167,0.065,230,61,1,1,273,323,304,330,215,251,173,120,213,287,308,190,170,210,153,1,1,173,305,5,"201158,1610612759"
202694,"Marcus Morris Sr.",1610612752,"NYK",30.0,2,0,2,0.000000,73.0,0.18,0.2,0.199,0.333,0.25,0.318,0.242,0.083,0.119,0.111,0.034,0.074,0.115,0.25,0.0,0.196,0.243,0.231,10,231,288,231,19,162,146,141,61,97,66,103,197,252,264,267,95,186,80,1,173,107,110,5,"202694,1610612752"
203935,"Marcus Smart",1610612738,"BOS",25.0,2,1,1,0.500000,61.0,0.116,0.136,0.141,0.167,0.25,0.0,0.0,0.043,0.1,0.079,0.478,0.083,0.143,0.0,0.0,0.172,0.205,0.111,10,61,115,115,64,289,229,249,151,97,222,235,212,267,292,20,97,162,153,1,148,134,269,5,"203935,1610612738"
1626209,"Mario Hezonja",1610612757,"POR",24.0,2,1,1,0.500000,36.0,0.125,0.071,0.1,0.0,0.125,0.214,0.235,0.0,0.381,0.296,0.0,0.182,0.167,0.0,0.0,0.25,0.2,0.092,10,61,115,115,174,275,293,303,215,223,124,107,213,30,78,271,188,145,153,1,232,135,287,5,"1626209,1610612757"
1628365,"Markelle Fultz",1610612753,"ORL",21.0,1,1,0,1.000000,23.0,0.283,0.375,0.308,0.0,0.214,0.0,0.0,0.0,0.0,0.0,0.857,0.375,0.667,0.0,0.0,0.111,0.143,0.3,230,61,1,1,251,42,12,36,215,143,222,235,213,318,325,2,316,8,153,1,78,188,43,5,"1628365,1610612753"
202693,"Markieff Morris",1610612765,"DET",30.0,3,1,2,0.333000,75.0,0.229,0.2,0.232,0.308,0.3,0.24,0.243,0.3,0.211,0.224,0.143,0.258,0.2,0.167,0.333,0.195,0.258,0.216,1,61,288,222,8,94,146,97,83,63,107,102,93,141,132,173,260,127,122,271,172,91,131,5,"202693,1610612765"
1629741,"Marko Guduric",1610612763,"MEM",24.0,2,0,2,0.000000,41.0,0.194,0.189,0.193,0.143,0.207,0.048,0.033,0.222,0.094,0.122,0.13,0.5,0.0,0.0,0.25,0.167,0.16,0.157,10,231,288,231,145,135,167,153,163,150,216,231,117,273,247,187,329,210,153,242,135,182,206,5,"1629741,1610612763"
1627737,"Marquese Chriss",1610612744,"GSW",22.0,1,0,1,0.000000,14.0,0.154,0.067,0.069,0.0,0.0,0.545,0.545,0.4,0.4,0.4,0.111,0.333,0.5,0.0,0.0,0.8,0.333,0.178,230,231,115,231,288,223,298,327,215,289,16,9,64,25,25,207,295,14,153,1,348,40,181,5,"1627737,1610612744"
1628963,"Marvin Bagley III",1610612758,"SAC",20.0,1,0,1,0.000000,28.0,0.257,0.273,0.314,0.0,0.0,0.286,0.333,0.5,0.24,0.303,0.0,0.059,0.5,0.333,0.5,0.077,0.3,0.241,230,231,115,231,223,65,72,29,215,289,81,62,34,117,75,271,85,14,67,301,59,57,101,5,"1628963,1610612758"
101107,"Marvin Williams",1610612766,"CHA",33.0,2,1,1,0.500000,29.0,0.183,0.24,0.216,0.333,0.267,0.0,0.0,0.0,0.167,0.143,0.056,0.182,0.0,0.0,0.0,0.267,0.0,0.236,10,61,115,115,211,153,106,117,61,89,222,235,213,186,214,255,188,210,153,1,258,280,106,5,"101107,1610612766"
203486,"Mason Plumlee",1610612743,"DEN",29.0,2,2,0,1.000000,31.0,0.135,0.105,0.109,0.0,0.0,0.231,0.278,0.333,0.261,0.281,0.4,0.1,0.333,0.2,0.0,0.278,0.2,0.119,10,1,1,1,201,260,260,296,215,289,111,87,77,100,87,41,111,61,108,1,268,135,260,5,"203486,1610612743"
1629680,"Matisse Thybulle",1610612755,"PHI",22.0,2,2,0,1.000000,45.0,0.111,0.029,0.098,0.111,0.167,0.0,0.0,0.091,0.059,0.067,0.125,0.217,0.267,0.5,0.25,0.161,0.038,0.031,10,1,1,1,135,293,311,307,187,185,222,235,193,306,302,190,224,101,35,242,133,277,317,5,"1629680,1610612755"
203521,"Matthew Dellavedova",1610612739,"CLE",29.0,1,0,1,0.000000,18.0,0.156,0.2,0.171,0.0,0.333,0.25,0.286,0.0,0.063,0.05,0.6,0.0,0.2,0.0,0.0,0.25,0.333,0.2,230,231,115,231,271,218,146,193,215,40,97,80,213,302,317,11,1,127,153,1,232,40,143,5,"203521,1610612739"
203090,"Maurice Harkless",1610612746,"LAC",26.0,2,2,0,1.000000,53.0,0.129,0.184,0.159,0.143,0.139,0.0,0.0,0.273,0.079,0.122,0.1,0.1,0.556,0.5,0.2,0.286,0.0,0.148,10,1,1,1,99,272,174,219,163,215,222,235,98,285,244,213,111,12,35,221,269,280,217,5,"203090,1610612746"
1628467,"Maxi Kleber",1610612742,"DAL",27.0,2,2,0,1.000000,57.0,0.094,0.047,0.069,0.077,0.136,0.107,0.111,0.214,0.319,0.295,0.105,0.2,0.0,0.5,0.0,0.25,0.088,0.063,10,1,1,1,86,317,307,326,202,217,181,194,122,72,79,210,201,210,35,1,232,240,306,5,"1628467,1610612742"
203086,"Meyers Leonard",1610612748,"MIA",27.0,2,2,0,1.000000,42.0,0.069,0.088,0.075,0.333,0.182,0.0,0.0,0.143,0.3,0.27,0.0,0.067,0.333,0.0,0.0,0.269,0.095,0.091,10,1,1,1,141,333,284,324,61,169,222,235,164,81,94,271,91,61,153,1,261,230,288,5,"203086,1610612748"
1629662,"Mfiondu Kabengele",1610612746,"LAC",22.0,1,1,0,1.000000,4.0,0.111,0.333,0.167,0.333,0.25,0.0,0.0,0.0,0.2,0.2,0.0,0.0,0.0,1.0,0.0,0.25,0.0,0.333,230,61,1,1,328,293,28,201,61,97,222,235,213,147,150,271,1,210,1,1,232,280,25,5,"1629662,1610612746"
203487,"Michael Carter-Williams",1610612753,"ORL",28.0,1,1,0,1.000000,14.0,0.088,0.091,0.08,0.0,0.083,0.0,0.0,0.5,0.077,0.133,0.0,0.2,0.333,0.0,0.0,0.286,0.2,0.069,230,61,1,1,289,325,277,320,215,260,222,235,34,287,227,271,201,61,153,1,269,135,303,5,"203487,1610612753"
203077,"Michael Kidd-Gilchrist",1610612766,"CHA",26.0,1,0,1,0.000000,10.0,0.333,0.4,0.35,1.0,0.25,0.0,0.0,0.25,0.429,0.364,0.0,0.5,0.0,0.0,1.0,0.333,0.0,0.357,230,231,115,231,310,9,10,10,1,97,222,235,102,21,43,271,329,210,153,338,299,280,17,5,"203077,1610612766"
1628969,"Mikal Bridges",1610612756,"PHX",23.0,2,1,1,0.500000,36.0,0.089,0.069,0.094,0.0,0.1,0.167,0.2,0.0,0.25,0.206,0.059,0.0,0.5,0.0,0.0,0.111,0.2,0.084,10,61,115,115,171,323,297,310,215,243,142,135,213,104,148,250,1,14,153,1,78,135,296,5,"1628969,1610612756"
201144,"Mike Conley",1610612762,"UTA",32.0,2,1,1,0.500000,58.0,0.288,0.105,0.284,0.167,0.458,0.36,0.37,0.083,0.079,0.08,0.381,0.316,0.143,0.0,0.25,0.167,0.345,0.168,10,61,115,115,81,34,260,47,151,10,48,48,197,285,290,49,293,162,153,242,135,39,194,5,"201144,1610612762"
203488,"Mike Muscala",1610612760,"OKC",28.0,2,0,2,0.000000,27.0,0.162,0.059,0.154,0.2,0.304,0.364,0.333,0.0,0.333,0.292,0.333,0.111,0.0,1.0,0.25,0.364,0.214,0.14,10,231,288,231,226,201,302,229,133,62,46,62,213,46,80,57,123,210,1,242,314,122,227,5,"203488,1610612760"
203118,"Mike Scott",1610612755,"PHI",31.0,2,2,0,1.000000,39.0,0.154,0.206,0.189,0.5,0.321,0.16,0.105,0.182,0.206,0.2,0.087,0.0,0.0,0.0,0.0,0.235,0.13,0.223,10,1,1,1,156,223,144,159,17,52,153,196,139,143,150,225,1,210,153,1,223,202,121,5,"203118,1610612755"
1628970,"Miles Bridges",1610612766,"CHA",21.0,2,1,1,0.500000,59.0,0.159,0.173,0.144,0.136,0.186,0.235,0.207,0.0,0.171,0.135,0.129,0.2,0.0,0.8,0.0,0.065,0.231,0.175,10,61,115,115,75,207,192,243,174,164,108,132,213,184,225,188,201,210,16,1,52,109,185,5,"1628970,1610612766"
1629011,"Mitchell Robinson",1610612752,"NYK",21.0,1,0,1,0.000000,17.0,0.167,0.231,0.129,0.0,0.0,0.0,0.0,0.667,0.385,0.438,0.167,0.333,0.8,1.0,0.0,0.385,0.125,0.171,230,231,115,231,280,183,113,272,215,289,222,235,14,28,18,149,295,6,1,1,317,204,189,5,"1629011,1610612752"
1628964,"Mo Bamba",1610612753,"ORL",21.0,1,1,0,1.000000,14.0,0.143,0.375,0.217,0.333,0.25,0.0,0.0,0.5,0.462,0.467,0.167,0.0,0.25,0.0,0.0,0.25,0.0,0.292,230,61,1,1,293,241,12,114,61,97,222,235,34,17,14,149,1,103,153,1,232,280,52,5,"1628964,1610612753"
1628420,"Monte Morris",1610612743,"DEN",24.0,2,2,0,1.000000,27.0,0.237,0.118,0.279,0.0,0.0,0.25,0.182,0.0,0.045,0.038,0.417,0.1,0.0,0.0,0.0,0.0,0.143,0.128,10,1,1,1,231,83,246,52,215,289,97,143,213,310,321,34,111,210,153,1,1,188,240,5,"1628420,1610612743"
1626149,"Montrezl Harrell",1610612746,"LAC",25.0,2,2,0,1.000000,63.0,0.231,0.246,0.192,0.0,0.0,0.185,0.342,0.25,0.222,0.228,0.189,0.391,0.1,0.167,0.286,0.2,0.273,0.212,10,1,1,1,52,87,100,154,215,289,134,59,102,134,125,133,317,193,122,258,175,82,135,5,"1626149,1610612746"
1629021,"Moritz Wagner",1610612764,"WAS",22.0,2,1,1,0.500000,33.0,0.286,0.348,0.194,0.364,0.182,0.3,0.364,0.5,0.233,0.265,0.0,0.625,0.0,0.333,0.333,0.292,0.2,0.343,10,61,115,115,191,36,24,150,54,169,75,53,34,128,96,271,342,210,67,271,283,135,22,5,"1629021,1610612764"
1626167,"Myles Turner",1610612754,"IND",23.0,1,0,1,0.000000,38.0,0.23,0.29,0.231,0.667,0.412,0.15,0.125,0.333,0.318,0.321,0.0,0.364,0.5,0.5,0.333,0.15,0.2,0.284,230,231,115,231,161,90,56,98,9,20,160,184,77,73,68,271,312,14,35,271,119,135,58,5,"1626167,1610612754"
1629642,"Nassir Little",1610612757,"POR",19.0,1,1,0,1.000000,2.0,0.25,0.0,1.0,0.0,0.0,0.0,0.0,0.0,0.0,0.0,0.0,0.0,0.0,0.0,0.0,0.0,0.0,0.0,230,61,1,1,340,69,312,1,215,289,222,235,213,318,325,271,1,210,153,1,1,280,321,5,"1629642,1610612757"
202357,"Nemanja Bjelica",1610612758,"SAC",31.0,2,0,2,0.000000,49.0,0.115,0.135,0.116,0.133,0.15,0.1,0.077,0.176,0.235,0.216,0.2,0.143,0.375,0.0,0.143,0.095,0.12,0.128,10,231,288,231,120,290,231,290,175,203,187,212,144,123,141,121,149,54,153,202,69,217,238,5,"202357,1610612758"
203457,"Nerlens Noel",1610612760,"OKC",25.0,2,0,2,0.000000,12.0,0.071,0.143,0.091,0.0,0.0,0.0,0.0,0.0,0.273,0.273,0.25,0.0,0.0,0.5,0.0,0.25,0.2,0.125,10,231,288,231,300,330,218,314,215,289,222,235,213,96,91,94,1,210,35,1,232,135,244,5,"203457,1610612760"
1629638,"Nickeil Alexander-Walker",1610612740,"NOP",21.0,2,0,2,0.000000,27.0,0.296,0.125,0.317,0.25,0.414,0.0,0.0,0.077,0.2,0.152,0.533,0.286,0.5,0.0,0.5,0.188,0.267,0.134,10,231,288,231,230,32,239,27,107,19,222,235,202,147,204,13,273,14,153,301,162,85,233,5,"1629638,1610612740"
201587,"Nicolas Batum",1610612766,"CHA",30.0,1,1,0,1.000000,11.0,0.067,0.0,0.0,0.0,0.0,0.0,0.0,0.25,0.333,0.308,0.25,0.333,0.0,0.0,0.0,0.286,0.2,0.0,230,61,1,1,303,334,312,335,215,289,222,235,102,46,72,94,295,210,153,1,269,135,321,5,"201587,1610612766"
1629740,"Nicolo Melli",1610612740,"NOP",28.0,2,0,2,0.000000,34.0,0.163,0.25,0.169,0.235,0.194,0.0,0.0,0.375,0.148,0.2,0.167,0.231,0.0,0.0,0.0,0.235,0.167,0.212,10,231,288,231,185,199,88,196,124,157,222,235,73,213,150,149,235,210,153,1,223,173,136,5,"1629740,1610612740"
1628430,"Nigel Williams-Goss",1610612762,"UTA",25.0,1,0,1,0.000000,0.0,0.0,0.0,0.0,0.0,0.0,0.0,0.0,0.0,0.0,0.0,0.0,0.0,0.0,0.0,0.0,0.0,0.0,0.0,230,231,115,231,347,341,312,335,215,289,222,235,213,318,325,271,1,210,153,1,1,280,321,5,"1628430,1610612762"
203999,"Nikola Jokic",1610612743,"DEN",24.0,2,2,0,1.000000,64.0,0.305,0.34,0.283,0.2,0.167,0.25,0.282,0.7,0.465,0.509,0.5,0.429,0.077,0.222,0.0,0.286,0.214,0.305,10,1,1,1,49,24,27,49,133,185,97,84,12,16,10,16,323,204,105,1,269,122,42,5,"203999,1610612743"
202696,"Nikola Vucevic",1610612753,"ORL",29.0,1,1,0,1.000000,34.0,0.244,0.276,0.254,0.167,0.278,0.667,0.455,0.2,0.346,0.323,0.167,0.167,0.125,0.0,0.0,0.0,0.4,0.3,230,61,1,1,184,77,69,70,151,82,5,26,124,42,66,149,170,177,153,1,1,25,43,5,"202696,1610612753"
203943,"Noah Vonleh",1610612750,"MIN",24.0,2,2,0,1.000000,28.0,0.103,0.143,0.093,0.0,0.077,0.231,0.167,0.167,0.381,0.333,0.118,0.143,0.5,0.0,0.0,0.231,0.167,0.145,10,1,1,1,221,306,218,312,215,265,111,153,148,30,55,200,149,14,153,1,216,173,218,5,"203943,1610612750"
1626181,"Norman Powell",1610612761,"TOR",26.0,2,1,1,0.500000,50.0,0.122,0.111,0.112,0.133,0.189,0.091,0.077,0.083,0.268,0.226,0.15,0.222,0.0,0.0,0.0,0.103,0.067,0.11,10,61,115,115,111,280,251,291,175,160,193,212,197,98,126,171,226,210,153,1,75,263,271,5,"1626181,1610612761"
1628384,"OG Anunoby",1610612761,"TOR",22.0,2,1,1,0.500000,74.0,0.113,0.158,0.134,0.083,0.107,0.0,0.024,0.267,0.193,0.208,0.0,0.107,0.0,0.6,0.273,0.257,0.075,0.116,10,61,115,115,15,291,207,264,199,240,222,233,101,156,144,271,122,210,27,256,250,254,263,5,"1628384,1610612761"
1629016,"Omari Spellman",1610612744,"GSW",22.0,1,0,1,0.000000,11.0,0.233,0.286,0.3,0.25,0.25,0.273,0.25,0.667,0.5,0.556,0.0,0.0,1.0,0.0,0.0,0.2,0.25,0.276,230,231,115,231,305,86,60,40,107,97,90,92,14,6,6,271,1,1,153,1,175,94,64,5,"1629016,1610612744"
203490,"Otto Porter Jr.",1610612741,"CHI",26.0,2,1,1,0.500000,49.0,0.145,0.095,0.162,0.25,0.257,0.13,0.103,0.083,0.129,0.116,0.042,0.1,0.214,0.167,0.167,0.222,0.105,0.113,10,61,115,115,119,238,271,211,107,95,172,198,197,239,260,260,111,125,122,205,203,226,268,5,"203490,1610612741"
1629023,"P.J. Washington",1610612766,"CHA",21.0,2,1,1,0.500000,67.0,0.204,0.206,0.208,0.276,0.283,0.176,0.143,0.25,0.224,0.23,0.021,0.241,0.4,0.25,0.167,0.125,0.071,0.215,10,61,115,115,38,120,142,129,100,80,139,171,102,132,123,270,241,43,80,205,91,256,133,5,"1629023,1610612766"
200782,"PJ Tucker",1610612745,"HOU",34.0,1,0,1,0.000000,38.0,0.12,0.222,0.139,0.357,0.211,0.0,0.0,0.222,0.143,0.159,0.0,0.154,0.167,0.0,0.0,0.25,0.091,0.187,230,231,115,231,158,281,121,253,56,148,222,235,117,219,193,271,163,145,153,1,232,234,162,5,"200782,1610612745"
1627783,"Pascal Siakam",1610612761,"TOR",25.0,2,1,1,0.500000,74.0,0.35,0.367,0.369,0.269,0.222,0.432,0.378,0.667,0.3,0.361,0.2,0.281,0.0,0.25,0.417,0.222,0.349,0.366,10,61,115,115,13,7,18,8,104,134,34,46,14,81,46,121,272,210,80,299,203,35,14,5,"1627783,1610612761"
1626192,"Pat Connaughton",1610612749,"MIL",26.0,2,1,1,0.500000,30.0,0.135,0.143,0.172,0.286,0.269,0.0,0.0,0.0,0.214,0.188,0.188,0.0,0.0,0.25,0.333,0.133,0.0,0.145,10,61,115,115,207,260,218,192,95,87,222,235,213,139,161,134,1,210,80,271,101,280,219,5,"1626192,1610612749"
201976,"Patrick Beverley",1610612746,"LAC",31.0,2,2,0,1.000000,60.0,0.106,0.05,0.106,0.056,0.216,0.0,0.0,0.182,0.279,0.259,0.281,0.2,0.417,0.2,0.2,0.233,0.194,0.043,10,1,1,1,72,304,306,299,210,140,222,235,139,92,97,85,201,41,108,221,222,154,316,5,"201976,1610612746"
202335,"Patrick Patterson",1610612746,"LAC",30.0,2,2,0,1.000000,46.0,0.17,0.167,0.2,0.467,0.433,0.048,0.069,0.2,0.152,0.158,0.032,0.083,0.0,0.0,0.0,0.217,0.087,0.182,10,1,1,1,133,179,197,137,27,15,216,220,124,209,194,269,97,210,153,1,200,242,173,5,"202335,1610612746"
201988,"Patty Mills",1610612759,"SAS",31.0,1,1,0,1.000000,16.0,0.302,0.188,0.344,1.0,0.6,0.0,0.0,0.25,0.091,0.133,0.25,0.25,0.4,0.0,0.0,0.333,0.0,0.174,230,61,1,1,281,27,168,12,1,1,222,235,102,274,227,94,243,43,153,1,299,280,187,5,"201988,1610612759"
200794,"Paul Millsap",1610612743,"DEN",34.0,2,2,0,1.000000,53.0,0.136,0.171,0.156,0.25,0.188,0.16,0.138,0.0,0.175,0.146,0.222,0.095,0.333,0.333,0.2,0.25,0.129,0.178,10,1,1,1,101,258,194,224,107,162,153,177,213,177,211,108,108,61,67,221,232,203,182,5,"200794,1610612743"
1626188,"Quinn Cook",1610612747,"LAL",26.0,2,1,1,0.500000,38.0,0.177,0.138,0.205,0.0,0.182,0.0,0.0,0.0,0.065,0.05,0.333,0.25,0.0,0.0,0.2,0.0,0.0,0.096,10,61,115,115,160,165,226,130,215,169,222,235,213,301,317,57,243,210,153,221,1,280,281,5,"1626188,1610612747"
1629628,"RJ Barrett",1610612752,"NYK",19.0,2,0,2,0.000000,73.0,0.22,0.258,0.22,0.188,0.189,0.083,0.184,0.0,0.157,0.131,0.161,0.242,0.296,0.0,0.0,0.149,0.243,0.226,10,231,288,231,18,101,84,111,146,160,200,142,213,202,231,162,242,90,153,1,118,107,114,5,"1629628,1610612752"
203526,"Raul Neto",1610612755,"PHI",27.0,2,2,0,1.000000,7.0,0.211,0.2,0.2,0.0,0.0,0.0,0.0,0.5,0.0,0.167,0.333,0.5,0.0,0.0,1.0,0.0,0.0,0.182,10,1,1,1,311,114,146,137,215,289,222,235,34,318,182,57,329,210,153,338,1,280,173,5,"203526,1610612755"
202704,"Reggie Jackson",1610612765,"DET",29.0,2,1,1,0.500000,36.0,0.143,0.16,0.18,0.143,0.227,0.077,0.059,0.143,0.148,0.147,0.471,0.071,0.0,0.0,0.0,0.118,0.133,0.143,10,61,115,115,171,241,203,179,163,132,205,223,164,213,209,22,93,210,153,1,87,197,220,5,"202704,1610612765"
1626158,"Richaun Holmes",1610612758,"SAC",26.0,2,0,2,0.000000,35.0,0.135,0.182,0.123,0.0,0.0,0.158,0.167,0.5,0.421,0.44,0.0,0.167,0.0,1.0,0.0,0.444,0.1,0.159,10,231,288,231,181,263,175,282,215,289,156,153,34,22,17,271,170,210,1,1,332,227,205,5,"1626158,1610612758"
201937,"Ricky Rubio",1610612756,"PHX",29.0,2,1,1,0.500000,65.0,0.195,0.094,0.154,0.0,0.083,0.313,0.324,0.167,0.226,0.215,0.526,0.409,0.375,0.0,0.364,0.211,0.406,0.137,10,61,115,115,47,134,272,228,215,260,70,71,148,131,142,14,322,54,153,290,193,24,230,5,"201937,1610612756"
203496,"Robert Covington",1610612750,"MIN",28.0,2,2,0,1.000000,51.0,0.176,0.213,0.196,0.273,0.263,0.0,0.0,0.214,0.256,0.245,0.042,0.154,0.143,0.0,0.0,0.269,0.12,0.185,10,1,1,1,109,172,134,148,101,92,222,235,122,102,111,260,163,162,153,1,261,217,167,5,"203496,1610612750"
1629057,"Robert Williams III",1610612738,"BOS",22.0,2,1,1,0.500000,25.0,0.132,0.208,0.125,0.0,0.0,0.111,0.167,0.333,0.375,0.36,0.222,0.143,0.429,1.0,0.0,0.533,0.071,0.177,10,61,115,115,238,268,140,276,215,289,180,153,77,32,47,108,149,39,1,1,344,256,183,5,"1629057,1610612738"
201577,"Robin Lopez",1610612749,"MIL",31.0,2,1,1,0.500000,29.0,0.162,0.138,0.15,0.0,0.154,0.0,0.333,0.0,0.125,0.103,0.071,0.25,0.0,0.0,0.0,0.333,0.231,0.118,10,61,115,115,210,200,226,234,215,199,222,62,213,241,271,239,243,210,153,1,299,109,261,5,"201577,1610612749"
1629066,"Rodions Kurucs",1610612751,"BKN",21.0,2,1,1,0.500000,20.0,0.2,0.2,0.194,0.4,0.154,0.083,0.1,0.333,0.357,0.353,0.143,0.3,1.0,0.0,0.5,0.188,0.2,0.191,10,61,115,115,265,125,146,150,39,199,200,200,77,37,49,173,285,1,153,301,162,135,158,5,"1629066,1610612751"
203918,"Rodney Hood",1610612757,"POR",27.0,2,1,1,0.500000,62.0,0.132,0.143,0.159,0.286,0.214,0.037,0.033,0.1,0.19,0.173,0.077,0.091,0.071,0.143,0.0,0.172,0.094,0.137,10,61,115,115,60,267,218,218,95,143,220,231,189,158,177,235,102,206,137,1,148,233,229,5,"203918,1610612757"
1626220,"Royce O'Neale",1610612762,"UTA",26.0,2,1,1,0.500000,57.0,0.126,0.257,0.144,0.444,0.2,0.0,0.0,0.0,0.182,0.145,0.0,0.13,0.111,0.0,0.167,0.211,0.069,0.224,10,61,115,115,89,274,86,242,31,152,222,235,213,169,212,271,143,187,153,205,193,262,118,5,"1626220,1610612762"
200752,"Rudy Gay",1610612759,"SAS",33.0,1,1,0,1.000000,20.0,0.264,0.235,0.257,0.0,0.4,0.357,0.294,0.2,0.333,0.3,0.375,0.273,0.333,0.5,0.0,0.2,0.294,0.265,230,61,1,1,263,59,111,67,215,22,49,78,124,46,77,50,265,61,35,1,175,62,76,5,"200752,1610612759"
203497,"Rudy Gobert",1610612762,"UTA",27.0,2,1,1,0.500000,70.0,0.141,0.119,0.117,0.0,0.0,0.053,0.16,0.333,0.357,0.354,0.103,0.292,0.222,0.25,0.222,0.2,0.267,0.101,10,61,115,115,29,250,245,288,215,289,215,162,77,37,48,212,282,118,80,238,175,85,277,5,"203497,1610612762"
1629060,"Rui Hachimura",1610612764,"WAS",21.0,2,1,1,0.500000,59.0,0.252,0.268,0.276,0.0,0.149,0.273,0.2,0.333,0.217,0.246,0.061,0.077,0.077,0.0,0.75,0.103,0.083,0.244,10,61,115,115,74,66,77,54,215,204,90,135,77,137,110,248,96,204,153,337,75,244,98,5,"1629060,1610612764"
201566,"Russell Westbrook",1610612745,"HOU",30.0,1,0,1,0.000000,33.0,0.281,0.304,0.27,0.3,0.226,0.318,0.379,0.571,0.364,0.4,0.412,0.3,0.4,0.25,0.111,0.188,0.316,0.308,230,231,115,231,193,46,46,59,86,133,66,45,26,34,25,36,285,43,80,196,162,49,39,5,"201566,1610612745"
1627853,"Ryan Arcidiacono",1610612741,"CHI",25.0,2,1,1,0.500000,26.0,0.061,0.087,0.078,0.4,0.1,0.0,0.0,0.429,0.158,0.231,0.083,0.0,0.2,0.0,0.0,0.077,0.0,0.111,10,61,115,115,236,336,285,322,39,243,222,235,58,199,121,228,1,127,153,1,59,280,269,5,"1627853,1610612741"
1628400,"Semi Ojeleye",1610612738,"BOS",24.0,2,1,1,0.500000,14.0,0.03,0.0,0.038,0.0,0.071,0.0,0.0,0.0,0.2,0.167,0.0,0.0,0.0,0.0,0.0,0.0,0.125,0.0,10,61,115,115,291,340,312,334,215,270,222,235,213,147,182,271,1,210,153,1,1,204,321,5,"1628400,1610612738"
201586,"Serge Ibaka",1610612761,"TOR",30.0,2,1,1,0.500000,50.0,0.198,0.237,0.161,0.077,0.057,0.292,0.357,0.154,0.268,0.241,0.05,0.313,0.2,0.5,0.0,0.185,0.28,0.23,10,61,115,115,112,130,110,212,202,278,79,55,159,98,116,258,291,127,35,1,160,75,111,5,"201586,1610612761"
203552,"Seth Curry",1610612742,"DAL",29.0,2,2,0,1.000000,37.0,0.167,0.194,0.18,0.273,0.148,0.087,0.074,0.0,0.139,0.122,0.056,0.214,0.0,0.2,0.0,0.25,0.071,0.177,10,1,1,1,164,183,163,179,101,205,196,216,213,228,247,255,220,210,108,1,232,256,184,5,"203552,1610612742"
203894,"Shabazz Napier",1610612750,"MIN",28.0,2,2,0,1.000000,42.0,0.173,0.059,0.169,0.071,0.268,0.227,0.25,0.111,0.188,0.171,0.64,0.188,0.083,0.4,0.0,0.167,0.321,0.096,10,1,1,1,144,175,302,199,205,88,116,92,180,162,180,8,196,201,61,1,135,47,282,5,"203894,1610612750"
1628983,"Shai Gilgeous-Alexander",1610612760,"OKC",21.0,2,0,2,0.000000,73.0,0.305,0.385,0.328,0.417,0.333,0.321,0.326,0.0,0.145,0.125,0.2,0.143,0.375,0.375,0.286,0.148,0.3,0.375,10,231,288,231,17,23,11,22,38,40,62,70,213,218,236,121,149,54,65,258,117,57,11,5,"1628983,1610612760"
1629003,"Shake Milton",1610612755,"PHI",23.0,2,2,0,1.000000,13.0,0.243,0.286,0.259,0.333,0.333,0.0,0.0,0.0,0.182,0.143,0.273,0.4,0.0,0.0,0.0,0.286,0.0,0.263,10,1,1,1,296,78,60,66,61,40,222,235,213,169,214,89,319,210,153,1,269,280,79,5,"1629003,1610612755"
1627885,"Shaquille Harrison",1610612741,"CHI",26.0,1,1,0,1.000000,4.0,0.167,0.5,0.1,0.0,0.0,0.5,0.667,0.0,0.333,0.333,0.0,0.0,0.0,0.0,0.0,0.0,1.0,0.429,230,61,1,1,326,183,4,303,215,289,19,6,213,46,55,271,1,210,153,1,1,1,4,5,"1627885,1610612741"
1627746,"Skal Labissiere",1610612757,"POR",23.0,2,1,1,0.500000,17.0,0.237,0.273,0.192,0.0,0.0,0.286,0.25,0.667,0.5,0.545,0.25,0.429,0.0,1.0,0.0,0.333,0.125,0.25,10,61,115,115,278,84,72,154,215,289,81,92,14,6,8,94,323,210,1,1,299,204,92,5,"1627746,1610612757"
203915,"Spencer Dinwiddie",1610612751,"BKN",26.0,2,1,1,0.500000,45.0,0.308,0.282,0.321,0.25,0.345,0.45,0.387,0.1,0.125,0.119,0.412,0.292,0.0,0.167,0.25,0.276,0.2,0.309,10,61,115,115,134,21,68,25,107,39,32,42,189,241,250,36,282,210,122,242,265,135,38,5,"203915,1610612751"
1626169,"Stanley Johnson",1610612761,"TOR",23.0,1,0,1,0.000000,5.0,0.273,0.25,0.222,1.0,0.4,0.0,0.0,0.0,0.25,0.25,0.0,0.5,0.0,0.0,0.0,0.4,0.0,0.333,230,231,115,231,317,49,88,107,1,22,222,235,213,104,102,271,329,210,153,1,320,280,25,5,"1626169,1610612761"
1629742,"Stanton Kidd",1610612762,"UTA",27.0,1,0,1,0.000000,5.0,0.111,0.0,0.143,0.0,0.0,0.0,0.0,0.0,0.0,0.0,0.333,0.0,0.0,0.0,1.0,1.0,0.0,0.0,230,231,115,231,321,293,312,245,215,289,222,235,213,318,325,57,1,210,153,338,349,280,321,5,"1629742,1610612762"
201939,"Stephen Curry",1610612744,"GSW",31.0,1,0,1,0.000000,30.0,0.357,0.348,0.317,0.2,0.407,0.313,0.313,0.091,0.188,0.148,0.25,0.727,0.333,0.0,0.333,0.2,0.214,0.319,230,231,115,231,208,6,24,26,133,21,70,72,193,162,207,94,347,61,153,271,175,122,33,5,"201939,1610612744"
1628425,"Sterling Brown",1610612749,"MIL",24.0,2,1,1,0.500000,6.0,0.188,0.143,0.231,0.0,0.167,0.0,0.0,0.0,0.286,0.25,0.0,0.0,0.0,0.0,0.0,0.333,0.0,0.118,10,61,115,115,315,144,218,98,215,185,222,235,213,86,102,271,1,210,153,1,299,280,261,5,"1628425,1610612749"
203500,"Steven Adams",1610612760,"OKC",26.0,2,0,2,0.000000,57.0,0.183,0.098,0.185,0.0,0.0,0.091,0.211,0.636,0.353,0.403,0.105,0.143,0.286,0.167,0.6,0.192,0.121,0.088,10,231,288,231,88,152,269,172,215,289,193,129,22,40,24,210,149,91,122,326,169,216,290,5,"203500,1610612760"
204456,"T.J. McConnell",1610612754,"IND",27.0,1,0,1,0.000000,13.0,0.152,0.143,0.16,0.0,0.0,0.0,0.0,0.0,0.5,0.375,0.333,0.2,0.0,0.25,0.0,0.25,0.0,0.121,230,231,115,231,295,228,218,217,215,289,222,235,213,6,38,57,201,210,80,1,232,280,253,5,"204456,1610612754"
203933,"T.J. Warren",1610612754,"IND",26.0,1,0,1,0.000000,34.0,0.182,0.185,0.211,0.0,0.182,0.0,0.083,0.167,0.0,0.038,0.0,0.111,0.0,0.25,0.0,0.231,0.095,0.128,230,231,115,231,186,156,172,126,215,169,222,206,148,318,321,271,123,210,80,1,216,230,239,5,"203933,1610612754"
1628388,"TJ Leaf",1610612754,"IND",22.0,1,0,1,0.000000,3.0,0.1,0.0,0.125,0.0,0.0,0.0,0.0,0.0,0.333,0.25,0.0,0.0,0.0,0.0,0.5,0.0,0.5,0.0,230,231,115,231,334,308,312,276,215,289,222,235,213,46,102,271,1,210,153,301,1,6,321,5,"1628388,1610612754"
201959,"Taj Gibson",1610612752,"NYK",34.0,2,0,2,0.000000,29.0,0.139,0.077,0.13,0.0,0.05,0.0,0.0,0.6,0.278,0.348,0.182,0.273,0.111,0.0,0.0,0.182,0.0,0.056,10,231,288,231,216,251,291,270,215,282,222,235,23,94,51,139,265,187,153,1,158,280,311,5,"201959,1610612752"
1627752,"Taurean Prince",1610612751,"BKN",25.0,2,1,1,0.500000,74.0,0.157,0.134,0.164,0.2,0.218,0.115,0.15,0.176,0.275,0.25,0.063,0.13,0.125,0.2,0.333,0.1,0.171,0.141,10,61,115,115,11,211,233,209,133,139,178,168,144,95,102,247,143,177,108,271,72,171,226,5,"1627752,1610612751"
1629611,"Terance Mann",1610612746,"LAC",23.0,1,1,0,1.000000,4.0,0.0,0.0,0.0,0.0,0.0,0.0,0.0,0.0,0.2,0.2,0.0,0.0,0.0,0.0,0.0,0.5,0.0,0.0,230,61,1,1,328,341,312,335,215,289,222,235,213,147,150,271,1,210,153,1,336,280,321,5,"1629611,1610612746"
1629056,"Terence Davis",1610612761,"TOR",22.0,2,1,1,0.500000,24.0,0.154,0.15,0.2,0.286,0.273,0.0,0.0,0.333,0.238,0.259,0.154,0.0,0.5,0.0,0.2,0.417,0.125,0.143,10,61,115,115,245,223,213,137,95,83,222,235,77,120,97,166,1,14,153,221,329,204,220,5,"1629056,1610612761"
1628390,"Terrance Ferguson",1610612760,"OKC",21.0,2,0,2,0.000000,46.0,0.065,0.0,0.049,0.0,0.158,0.167,0.125,0.333,0.071,0.118,0.071,0.143,0.0,0.2,0.0,0.353,0.0,0.024,10,231,288,231,132,335,312,332,215,196,142,184,77,293,252,239,149,210,108,1,310,280,318,5,"1628390,1610612760"
203082,"Terrence Ross",1610612753,"ORL",28.0,1,1,0,1.000000,19.0,0.28,0.308,0.371,0.4,0.438,0.0,0.0,0.0,0.182,0.148,0.0,0.125,0.4,0.0,0.0,0.2,0.0,0.27,230,61,1,1,268,47,43,7,39,13,222,235,213,169,207,271,134,43,153,1,175,280,67,5,"203082,1610612753"
1626179,"Terry Rozier",1610612766,"CHA",25.0,2,1,1,0.500000,48.0,0.193,0.133,0.18,0.158,0.184,0.273,0.2,0.125,0.148,0.143,0.471,0.333,0.167,0.0,0.286,0.261,0.2,0.15,10,61,115,115,125,139,234,182,160,168,90,135,174,213,214,22,295,145,153,258,254,135,215,5,"1626179,1610612766"
200757,"Thabo Sefolosha",1610612745,"HOU",35.0,1,0,1,0.000000,10.0,0.038,0.0,0.05,0.0,0.091,0.0,0.0,1.0,0.333,0.385,0.0,0.0,0.0,0.0,0.0,0.0,0.0,0.0,230,231,115,231,308,339,312,331,215,251,222,235,1,46,33,271,1,210,153,1,1,280,321,5,"200757,1610612745"
201152,"Thaddeus Young",1610612741,"CHI",31.0,2,1,1,0.500000,47.0,0.176,0.196,0.184,0.308,0.237,0.0,0.0,0.1,0.111,0.108,0.2,0.3,0.143,0.0,0.0,0.143,0.048,0.183,10,61,115,115,129,167,161,174,83,124,222,235,189,258,268,121,285,162,153,1,106,273,171,5,"201152,1610612741"
1628418,"Thomas Bryant",1610612764,"WAS",22.0,2,1,1,0.500000,62.0,0.214,0.25,0.197,0.3,0.188,0.462,0.353,0.533,0.311,0.367,0.161,0.313,0.167,0.5,0.125,0.0,0.16,0.276,10,61,115,115,56,110,88,146,86,162,30,56,33,75,42,162,291,145,35,199,1,182,65,5,"1628418,1610612764"
1627748,"Thon Maker",1610612765,"DET",22.0,3,1,2,0.333000,59.0,0.103,0.041,0.085,0.0,0.133,0.086,0.098,0.25,0.25,0.25,0.077,0.182,0.125,0.625,0.0,0.154,0.207,0.049,1,61,288,222,77,305,310,317,215,219,199,201,102,104,102,235,188,177,24,1,124,129,315,5,"1627748,1610612765"
204025,"Tim Frazier",1610612765,"DET",28.0,3,1,2,0.333000,33.0,0.217,0.2,0.222,0.5,0.3,0.2,0.174,0.0,0.087,0.065,0.5,0.25,0.333,0.0,0.0,0.318,0.167,0.22,1,61,288,222,194,107,146,107,17,63,126,151,213,280,304,16,243,61,153,1,296,173,128,5,"204025,1610612765"
203501,"Tim Hardaway Jr.",1610612742,"DAL",27.0,2,2,0,1.000000,43.0,0.155,0.118,0.203,0.154,0.324,0.083,0.071,0.0,0.067,0.054,0.15,0.0,0.0,0.0,0.0,0.316,0.107,0.114,10,1,1,1,138,221,246,135,161,51,200,218,213,298,312,171,1,210,153,1,294,224,265,5,"203501,1610612742"
202699,"Tobias Harris",1610612755,"PHI",27.0,2,2,0,1.000000,73.0,0.194,0.291,0.211,0.4,0.244,0.154,0.151,0.125,0.333,0.31,0.122,0.219,0.25,0.0,0.286,0.167,0.125,0.268,10,1,1,1,16,135,55,125,39,113,157,167,174,46,70,196,225,103,153,258,135,204,70,5,"202699,1610612755"
203107,"Tomas Satoransky",1610612741,"CHI",27.0,2,1,1,0.500000,46.0,0.116,0.07,0.119,0.0,0.057,0.25,0.227,0.143,0.0,0.053,0.217,0.059,0.364,0.286,0.571,0.2,0.286,0.097,10,61,115,115,130,286,296,286,215,278,97,116,164,318,315,114,85,58,75,324,175,68,280,5,"203107,1610612741"
1628396,"Tony Bradley",1610612762,"UTA",21.0,1,0,1,0.000000,5.0,0.091,0.2,0.111,0.0,0.0,0.0,0.0,0.0,0.333,0.333,0.0,0.0,0.0,0.0,0.0,0.0,0.0,0.125,230,231,115,231,316,320,146,292,215,289,222,235,213,46,55,271,1,210,153,1,1,280,244,5,"1628396,1610612762"
203503,"Tony Snell",1610612765,"DET",27.0,3,1,2,0.333000,90.0,0.093,0.107,0.121,0.3,0.255,0.0,0.0,0.059,0.063,0.062,0.208,0.03,0.154,0.143,0.0,0.196,0.081,0.11,1,61,288,222,3,318,259,284,86,96,222,235,209,302,307,118,73,156,137,1,173,249,272,5,"203503,1610612765"
1628470,"Torrey Craig",1610612743,"DEN",28.0,2,2,0,1.000000,39.0,0.13,0.148,0.147,0.2,0.286,0.0,0.0,0.2,0.31,0.282,0.1,0.154,0.25,0.833,0.0,0.4,0.0,0.132,10,1,1,1,155,270,216,238,133,76,222,235,124,76,86,213,163,103,15,1,320,280,236,5,"1628470,1610612743"
1629027,"Trae Young",1610612737,"ATL",21.0,1,1,0,1.000000,37.0,0.373,0.314,0.313,0.545,0.435,0.714,0.75,0.0,0.269,0.226,0.429,0.667,0.125,0.0,0.0,0.0,0.563,0.4,230,61,1,1,163,2,40,30,15,14,3,3,213,97,128,32,343,177,153,1,1,4,6,5,"1629027,1610612737"
1626203,"Treveon Graham",1610612750,"MIN",25.0,2,2,0,1.000000,58.0,0.155,0.16,0.179,0.133,0.133,0.125,0.103,0.176,0.116,0.133,0.154,0.063,0.143,0.0,0.333,0.125,0.133,0.151,10,1,1,1,82,220,203,183,175,219,173,198,144,253,227,166,90,162,153,271,91,197,212,5,"1626203,1610612750"
2772,"Trevor Ariza",1610612758,"SAC",34.0,2,0,2,0.000000,42.0,0.11,0.071,0.12,0.091,0.172,0.125,0.105,0.111,0.12,0.118,0.133,0.095,0.143,0.0,0.2,0.12,0.083,0.084,10,231,288,231,139,301,293,285,196,182,173,196,180,250,252,180,108,162,153,221,90,244,296,5,"2772,1610612758"
1626168,"Trey Lyles",1610612759,"SAS",23.0,1,1,0,1.000000,24.0,0.098,0.136,0.093,0.0,0.091,0.154,0.118,0.2,0.417,0.379,0.0,0.125,0.0,0.0,0.0,0.333,0.071,0.127,230,61,1,1,243,309,229,311,215,251,157,190,124,23,36,271,134,210,153,1,299,256,243,5,"1626168,1610612759"
202684,"Tristan Thompson",1610612739,"CLE",28.0,1,0,1,0.000000,33.0,0.156,0.333,0.183,0.0,0.0,0.0,0.0,0.5,0.321,0.344,0.077,0.111,0.0,1.0,0.0,0.4,0.188,0.254,230,231,115,231,190,217,28,175,215,289,222,235,34,69,53,235,123,210,1,1,320,159,87,5,"202684,1610612739"
203584,"Troy Daniels",1610612747,"LAL",28.0,2,1,1,0.500000,38.0,0.2,0.304,0.246,0.556,0.5,0.118,0.083,0.0,0.15,0.115,0.091,0.182,0.143,0.0,0.0,0.059,0.043,0.292,10,61,115,115,162,125,46,84,14,4,177,206,213,211,261,221,188,162,153,1,49,276,52,5,"203584,1610612747"
1629639,"Tyler Herro",1610612748,"MIA",19.0,2,2,0,1.000000,66.0,0.197,0.245,0.248,0.3,0.243,0.026,0.019,0.0,0.224,0.186,0.037,0.148,0.2,0.0,0.286,0.125,0.098,0.19,10,1,1,1,43,131,101,83,86,115,221,234,213,133,167,264,161,127,153,258,91,229,159,5,"1629639,1610612748"
204020,"Tyler Johnson",1610612756,"PHX",27.0,2,1,1,0.500000,42.0,0.186,0.267,0.227,0.375,0.286,0.0,0.0,0.0,0.097,0.079,0.095,0.176,0.25,0.2,0.167,0.174,0.0,0.216,10,61,115,115,143,149,78,102,49,76,222,235,213,270,293,217,185,103,108,205,150,280,132,5,"204020,1610612756"
2199,"Tyson Chandler",1610612745,"HOU",37.0,1,0,1,0.000000,11.0,0.222,0.556,0.273,0.0,0.0,0.0,0.143,0.5,0.308,0.333,0.0,0.0,0.0,0.0,0.5,0.5,0.167,0.4,230,231,115,231,306,99,3,56,215,289,222,171,34,78,55,271,1,210,153,301,336,173,6,5,"2199,1610612745"
1626145,"Tyus Jones",1610612763,"MEM",23.0,2,0,2,0.000000,44.0,0.207,0.179,0.189,0.0,0.118,0.25,0.25,0.0,0.121,0.091,0.417,0.333,0.5,0.0,0.2,0.208,0.25,0.179,10,231,288,231,136,116,181,161,215,230,97,92,213,249,279,34,295,14,153,221,192,94,179,5,"1626145,1610612763"
1713,"Vince Carter",1610612737,"ATL",42.0,1,1,0,1.000000,10.0,0.143,0.0,0.111,0.0,0.2,0.0,0.0,0.0,0.0,0.0,0.167,0.5,0.0,0.0,0.0,0.2,0.0,0.0,230,61,1,1,309,241,312,292,215,152,222,235,213,318,325,149,329,210,153,1,175,280,321,5,"1713,1610612737"
201961,"Wayne Ellington",1610612752,"NYK",31.0,2,0,2,0.000000,24.0,0.218,0.211,0.195,0.364,0.421,0.0,0.0,0.0,0.2,0.188,0.083,0.364,0.0,0.5,0.0,0.063,0.0,0.235,10,231,288,231,244,103,137,149,54,18,222,235,213,147,161,228,312,210,35,1,51,280,107,5,"201961,1610612752"
1628976,"Wendell Carter Jr.",1610612741,"CHI",20.0,2,1,1,0.500000,56.0,0.139,0.125,0.132,0.0,0.028,0.217,0.222,0.389,0.243,0.291,0.0,0.133,0.118,0.286,0.333,0.345,0.273,0.13,10,61,115,115,91,251,239,267,215,286,121,120,71,116,81,271,146,185,75,271,309,82,237,5,"1628976,1610612741"
1629117,"Wenyen Gabriel",1610612758,"SAC",22.0,2,0,2,0.000000,5.0,0.333,0.0,0.167,0.0,0.333,0.333,0.333,0.5,0.0,0.2,0.0,0.667,0.333,0.0,0.0,0.5,0.333,0.083,10,231,288,231,323,9,312,201,215,40,56,62,34,318,150,271,343,61,153,1,336,40,298,5,"1629117,1610612758"
202083,"Wesley Matthews",1610612749,"MIL",33.0,2,1,1,0.500000,60.0,0.15,0.216,0.186,0.24,0.238,0.0,0.0,0.0,0.091,0.085,0.059,0.059,0.3,0.1,0.125,0.086,0.182,0.187,10,61,115,115,68,232,132,168,123,121,222,235,213,274,287,250,85,88,148,199,64,163,163,5,"202083,1610612749"
203115,"Will Barton",1610612743,"DEN",28.0,2,2,0,1.000000,52.0,0.171,0.114,0.156,0.25,0.219,0.464,0.412,0.125,0.122,0.122,0.095,0.056,0.273,0.4,0.0,0.045,0.294,0.218,10,1,1,1,107,177,250,224,107,137,29,35,174,247,244,217,80,100,61,1,46,62,130,5,"203115,1610612743"
1626195,"Willy Hernangomez",1610612766,"CHA",25.0,1,0,1,0.000000,20.0,0.143,0.2,0.167,0.0,0.0,0.0,0.0,0.8,0.167,0.353,0.0,0.125,0.333,0.5,0.0,0.091,0.0,0.162,230,231,115,231,266,241,146,201,215,289,222,235,8,186,49,271,134,61,35,1,67,280,202,5,"1626195,1610612766"
1627812,"Yogi Ferrell",1610612758,"SAC",26.0,2,0,2,0.000000,7.0,0.176,0.5,0.333,1.0,0.5,0.0,0.0,0.0,0.333,0.167,0.667,0.0,0.333,0.0,0.0,0.0,0.0,0.385,10,231,288,231,313,167,4,17,1,4,222,235,213,46,182,5,1,61,153,1,1,280,8,5,"1627812,1610612758"
1628380,"Zach Collins",1610612757,"POR",21.0,2,1,1,0.500000,62.0,0.137,0.111,0.127,0.077,0.098,0.182,0.16,0.308,0.102,0.145,0.2,0.167,0.0,0.286,0.0,0.226,0.294,0.119,10,61,115,115,55,257,251,274,202,250,137,162,92,265,213,121,170,210,75,1,212,62,258,5,"1628380,1610612757"
203897,"Zach LaVine",1610612741,"CHI",24.0,2,1,1,0.500000,63.0,0.304,0.364,0.301,0.385,0.25,0.32,0.367,0.148,0.174,0.164,0.458,0.304,0.357,0.222,0.5,0.241,0.276,0.358,10,61,115,115,51,26,21,39,48,97,64,51,163,178,188,28,288,60,105,301,230,80,16,5,"203897,1610612741"
1629668,"Zach Norvell Jr.",1610612747,"LAL",21.0,1,1,0,1.000000,3.0,0.167,0.0,0.25,0.0,0.0,0.0,0.0,0.0,0.333,0.333,0.0,0.0,0.0,0.0,0.0,0.0,0.0,0.0,230,61,1,1,339,183,312,75,215,289,222,235,213,46,55,271,1,210,153,1,1,280,321,5,"1629668,1610612747"
